timestamp,title,Years of Experiences ,salary,salaryDate,companyCountry,worktype,workhour,city,currency
2025-07-16 05:21:22,Front End,2,20000,2025-06-30,Egyption and site in egypt,Remote,Full Time,Cairo,EGP
2025-07-16 05:53:52,Full Stack .Net | Angular,3,26000,2025-07-01,Egyption and site in egypt,Remote,Full Time,Cairo,EGP
2025-07-16 05:56:21,.Net Developsr,2,14000,2025-06-01,Egyption and site in egypt,Remote,Full Time,Cairo,EGP
2025-07-16 05:58:59,IT Specialist,0,10000,2025-05-01,Egyption and site in egypt,On Site,Full Time,Cairo,EGP
2025-07-16 05:59:28,Front end,1,40000,2025-07-16,Not Egyption but site in egypt,Hybrid,Full Time,Cairo,EGP
2025-07-16 06:10:38,Email Marketing,2,45000,2025-07-16,Not Egyption but site in egypt,On Site,Full Time,Cairo,EGP
2025-07-16 06:13:16,Email marketing,1,30000,2025-07-16,Not Egyption but site in egypt,On Site,Full Time,Cairo,EGP
2025-07-16 06:13:54,Gmail marketing,0,22000,2025-07-16,Not Egyption but site in egypt,On Site,Full Time,Cairo,EGP
2025-07-16 06:18:53,CRM Developer,3,40000,2025-01-01,Egyption and site in egypt,Hybrid,Full Time,Multi Site,EGP
2025-07-16 06:19:06,PHP developer,2,6000,2025-07-16,Egyption and site in egypt,Remote,Part Time,Cairo,EGP
2025-07-16 06:23:01,Flutter developer,3,35000,2025-01-01,Egyption and site in egypt,Remote,Full Time,Dubai,EGP
2025-07-16 06:41:56,Storage&Backup admin,3,25,2025-07-25,Egyption and site in egypt,On Site,Full Time,Cairo,EGP
2025-07-16 06:43:02,Senior front end engineer,6,75000,2025-03-01,Not Egyption but site in egypt,Hybrid,Full Time,Cairo,EGP
2025-07-16 06:44:30,Flutter Developer,2,14000,2025-07-16,Egyption and site in egypt,On Site,Full Time,Cairo,EGP
2025-07-16 06:54:20,Full stack. Net developer,4,60000,2025-07-24,Not Egyption but site in egypt,Remote,Full Time,Australia,EGP
2025-07-16 06:55:06,Software QC Engineer,1,700,2025-06-01,Not Egyption but site in egypt,Hybrid,Full Time,Alexandria,USD
2025-07-16 06:55:40,mid level frontend react,2,17000,2025-07-11,Egyption and site in egypt,On Site,Full Time,Cairo,EGP
2025-07-16 06:57:12,Embedded Software Engineer,2,43000,2025-07-01,Egyption and site in egypt,Remote,Full Time,Cairo,EGP
2025-07-16 07:00:24,Procurement Engineer,2,9175,2025-05-01,Egyption and site in egypt,On Site,Full Time,Alexandria,EGP
2025-07-16 07:00:41,Senior Dot net developer,5,60000,2025-01-01,Egyption and site in egypt,On Site,Full Time,Cairo,EGP
2025-07-16 07:04:28,Software engineer,3,30000,2025-04-01,Egyption and site in egypt,Remote,Full Time,Cairo,EGP
2025-07-16 07:06:15,Frontend Engineer,1,60000,2025-01-01,Else,Hybrid,Full Time,Cairo,EGP
2025-07-16 07:06:18,Frontend Engineer,1,60000,2025-01-01,Else,Hybrid,Full Time,Cairo,EGP
2025-07-16 07:06:20,Frontend Engineer,1,60000,2025-01-01,Else,Hybrid,Full Time,Cairo,EGP
2025-07-16 07:09:35,.net junior,1,1000,2025-01-03,Not Egyption but site in egypt,Remote,Full Time,Kuwait,USD
2025-07-16 07:16:59,Sw testing engineer,1,35000,2025-07-16,Not Egyption but site in egypt,Hybrid,Full Time,Cairo,EGP
2025-07-16 07:17:21,Mobile Engineer,9,60000,2025-07-16,Egyption and site in egypt,Hybrid,Full Time,Cairo,EGP
2025-07-16 07:19:48,Data Scientist & Generative AI engineer,1,18000,2025-05-01,Egyption and site in egypt,Hybrid,Full Time,Cairo,EGP
2025-07-16 07:21:18,Flutter Developer,1,20000,2025-07-01,Egyption and site in egypt,On Site,Full Time,Alexandria,EGP
2025-07-16 07:27:14,"Fullstack (php ,vue)",1,250,2025-07-18,Not Egyption and site out of egypt,Remote,Full Time,Riyadh,USD
2025-07-16 07:27:15,software engineer,2,45000,2025-02-16,Not Egyption and site out of egypt,Remote,Full Time,London,EGP
2025-07-16 07:32:37,Data Engineer,2,660,2025-06-01,Not Egyption and site out of egypt,Remote,Full Time,Dubai,USD
2025-07-16 07:35:47,Backend Developer,3,30000,2025-01-03,Egyption and site in egypt,Remote,Full Time,Cairo,EGP
2025-07-16 07:37:54,Java Developer,1,30000,2024-09-01,Not Egyption but site in egypt,Hybrid,Full Time,Cairo,EGP
2025-07-16 07:38:09,Senior software developer,4,75000,2025-06-28,Egyption and site in egypt,Hybrid,Full Time,Cairo,EGP
2025-07-16 07:39:13,Computer Vision Engineer,2,30000,2025-07-16,Egyption and site in egypt,Remote,Full Time,Cairo,EGP
2025-07-16 07:40:32,Node.js developer,1,12000,2025-02-01,Egyption and site in egypt,On Site,Full Time,Cairo,EGP
2025-07-16 07:40:53,Frontend developer,2,22000,2025-01-01,Not Egyption but site in egypt,On Site,Full Time,Giza,EGP
2025-07-16 07:49:47,Backend Developer - PHP Laravel,1,25000,2025-02-16,Egyption and site in egypt,Hybrid,Full Time,Cairo,EGP
2025-07-16 07:51:18,"Software Engineer( Mobile react native , backend django)",1,400,2025-07-16,Not Egyption but site in egypt,Hybrid,Full Time,Cairo,USD
2025-07-16 07:52:17,Software tester,2,17000,2025-06-01,Egyption and site in egypt,Remote,Full Time,Cairo,EGP
2025-07-16 07:52:31,Full stack developer (Angular+.net),1,24000,2025-08-01,Egyption and site in egypt,Hybrid,Full Time,Cairo,EGP
2025-07-16 07:56:24,Software testing,1,600,2025-01-10,Not Egyption but site in egypt,Remote,Full Time,Cairo,USD
2025-07-16 07:54:09,data scientist,2,55000,2025-07-01,Not Egyption but site in egypt,Remote,Full Time,Dubai,EGP
2025-07-16 07:55:35,Data Production Analyst,1,12500,2025-07-16,Not Egyption but site in egypt,Hybrid,Full Time,Cairo,EGP
2025-07-16 07:58:19,Software engineer,3,37000,2000-07-15,Egyption and site in egypt,On Site,Full Time,Cairo,EGP
2025-07-16 07:58:45,Construction manager,17,65000,2025-01-01,Egyption and site in egypt,On Site,Full Time,Cairo,EGP
2025-07-16 07:58:55,Senior DevOps Engineer,4,42000,2025-01-01,Not Egyption but site in egypt,Hybrid,Full Time,Cairo,EGP
2025-07-16 08:01:42,IoT Embedded systems,3,100,2025-07-01,Egyption and site in egypt,Hybrid,Full Time,Cairo,EGP
2025-07-16 08:03:13,Gis developer,0,600,2025-07-16,Not Egyption but site in egypt,On Site,Full Time,Cairo,USD
2025-07-16 08:03:17,Data Visualization,1,8000,2025-07-16,Not Egyption but site in egypt,On Site,Full Time,Cairo,EGP
2025-07-16 08:03:27,Full stack enginner,2,53000,2025-06-28,Not Egyption but site in egypt,Hybrid,Full Time,Cairo,EGP
2025-07-16 08:05:00,Golang developer,6,30000,2025-01-01,Egyption and site in egypt,On Site,Full Time,Cairo,EGP
2025-07-16 08:05:34,Data scientist,4,100000,2025-07-16,Egyption and site in egypt,Hybrid,Full Time,Cairo,EGP
2025-07-16 08:06:15,Ai engineer,0,30000,2025-09-01,Egyption and site in egypt,On Site,Full Time,Cairo,EGP
2025-07-16 08:09:39,Frontend Developer,1,12000,2025-07-01,Egyption and site in egypt,Remote,Full Time,Cairo,EGP
2025-07-16 08:10:28,Full stack developer,4,40000,2025-07-01,Not Egyption and site out of egypt,Remote,Part Time,Dubai,EGP
2025-07-16 08:11:05,Flutter Developer,3,8500,2025-07-16,Egyption and site in egypt,Hybrid,Full Time,Alexandria,EGP
2025-07-16 08:12:02,Flutter developer,2,20000,2025-07-05,Egyption and site in egypt,On Site,Full Time,Giza,EGP
2025-07-16 08:12:07,IT Specialist,1,8000,2025-07-16,Not Egyption but site in egypt,On Site,Full Time,Cairo,EGP
2025-07-16 08:12:20,Senior frontend developer,3,45000,2025-06-01,Egyption and site in egypt,Remote,Full Time,Cairo,EGP
2025-07-16 08:12:41,Android Developer,1,15,2024-09-06,Egyption and site in egypt,Remote,Full Time,Cairo,EGP
2025-07-16 08:16:22,Senior data engineer,3,58000,2025-07-16,Not Egyption but site in egypt,Hybrid,Full Time,Cairo,EGP
2025-07-16 08:17:16,Backend Developer,2,23000,2025-07-01,Egyption and site in egypt,Hybrid,Full Time,Cairo,EGP
2025-07-16 08:17:32,Senior front end vue/nuxt js,5,1100,2025-07-16,Not Egyption and site out of egypt,Remote,Full Time,Jordan ,EGP
2025-07-16 08:20:27,Frontend developer,1,20000,2025-07-16,Not Egyption but site in egypt,Hybrid,Full Time,Cairo,EGP
2025-07-16 08:24:29,Mobile apps developer Flutter,2,800,2025-07-01,Not Egyption and site out of egypt,Remote,Full Time,Dubai,USD
2025-07-16 08:24:54,Frontend developer,1,20500,2025-02-01,Egyption and site in egypt,Hybrid,Full Time,Giza,EGP
2025-07-16 08:24:56,Backend Developer,3,34000,2025-07-01,Egyption and site in egypt,On Site,Full Time,Cairo,EGP
2025-07-16 08:26:05,Software Engineer,3,1400,2025-07-03,Not Egyption and site out of egypt,Remote,Full Time,California,USD
2025-07-16 08:27:36,Senior Data Scientist,3,60000,2025-09-01,Not Egyption but site in egypt,Hybrid,Full Time,Multi Site,EGP
2025-07-16 08:29:31,.NET Developer,2,32000,2024-12-01,Not Egyption but site in egypt,On Site,Full Time,Cairo,EGP
2025-07-16 08:31:19,Data Analyst,2,24000,2024-10-01,Egyption and site in egypt,On Site,Full Time,Cairo,EGP
2025-07-16 08:31:25,Data Visualization Analyst,1,13000,2025-01-01,Egyption and site in egypt,Remote,Full Time,Cairo,EGP
2025-07-16 08:31:35,Java backend developer,2,25000,2025-07-16,Egyption and site in egypt,Hybrid,Full Time,Cairo,EGP
2025-07-16 08:31:58,Front end developer,3,30000,2025-01-05,Egyption and site in egypt,Remote,Full Time,Alexandria,EGP
2025-07-16 08:32:42,"Technical Lead, Backend and DevOps",3,100000,2025-03-01,Egyption and site in egypt,Hybrid,Full Time,Giza,EGP
2025-07-16 08:34:52,Full stack web developer,3,21000,2025-07-16,Egyption and site in egypt,Hybrid,Full Time,Cairo,EGP
2025-07-16 08:35:07,Senior frontend developer,5,1500,2025-05-01,Not Egyption but site in egypt,Remote,Full Time,Cairo,USD
2025-07-16 08:37:53,PHP Deveoper,3,7500,2023-01-01,Not Egyption but site in egypt,On Site,Full Time,Mansoura,EGP
2025-07-16 08:36:25,Product Owner/Manager,3,41000,2024-10-15,Egyption and site in egypt,Hybrid,Full Time,Cairo,EGP
2025-07-16 08:37:29,Product Owner/Manager (senior),4,1650,2025-07-14,Not Egyption and site out of egypt,Remote,Full Time,Riyadh,USD
2025-07-16 08:37:55,back end developer,2,20000,2025-07-01,Egyption and site in egypt,Remote,Full Time,Cairo,EGP
2025-07-16 08:39:43,Java software engineer,4,50000,2025-07-16,Egyption and site in egypt,Hybrid,Full Time,Cairo,EGP
2025-07-16 08:40:18,Software developer,3,22000,2025-07-01,Egyption and site in egypt,Remote,Full Time,Manama,EGP
2025-07-16 08:40:24,Senior developer (java springboot&& angular ),7,1850,2025-07-01,Not Egyption but site in egypt,Hybrid,Full Time,Cairo,USD
2025-07-16 08:42:36,Backend Developer,5,60000,2025-07-16,Not Egyption and site out of egypt,Remote,Full Time,Jordan ,EGP
2025-07-16 08:43:14,Nodejs develoepr,1,20000,2025-07-16,Egyption and site in egypt,Remote,Full Time,Cairo,EGP
2025-07-16 08:43:47,Data scientist,1,27000,2025-05-25,Egyption and site in egypt,On Site,Full Time,Cairo,EGP
2025-07-16 08:45:25,Software Engineer,1,650,2025-07-16,Egyption and site in egypt,Remote,Full Time,Alexandria,USD
2025-07-16 08:47:35,software tester,1,12500,2025-03-09,Egyption and site in egypt,Remote,Full Time,Cairo,EGP
2025-07-16 08:47:45,Software Engineer,2,100000,2025-07-16,Not Egyption and site out of egypt,Remote,Full Time,Riyadh,EGP
2025-07-16 08:51:13,Software Engineer (Java),3,31000,2025-01-01,Egyption and site in egypt,Hybrid,Full Time,Giza,EGP
2025-07-16 08:55:40,Odoo developer,1,5500,2025-07-16,Egyption and site in egypt,On Site,Full Time,Cairo,EGP
2025-07-16 08:59:31,Frontend developer,3,66000,2025-04-01,Egyption and site in egypt,Hybrid,Full Time,Cairo,EGP
2025-07-16 08:59:49,Back End Developer,3,30000,2025-07-01,Egyption and site in egypt,Remote,Full Time,Cairo,EGP
2025-07-16 09:01:03,Back End Developer,2,6000,2025-07-07,Egyption and site in egypt,Remote,Full Time,Cairo,EGP
2025-07-16 09:01:48,Warehouse Manager,7,25,2025-01-02,Egyption and site in egypt,On Site,Full Time,Giza,EGP
2025-07-16 09:01:49,Senior Front end Developer,6,45000,2025-04-01,Not Egyption but site in egypt,Remote,Full Time,Canada,EGP
2025-07-16 09:03:37,Senior Software Engineer,9,3200,2025-07-01,Not Egyption but site in egypt,Remote,Full Time,Riyadh,EGP
2025-07-16 09:04:12,devops,2,39000,2025-06-28,Not Egyption but site in egypt,Hybrid,Full Time,Cairo,EGP
2025-07-16 09:04:53,Production Supervisor,9,40000,2025-06-21,Not Egyption but site in egypt,On Site,Full Time,Beni Suef,EGP
2025-07-16 09:05:13,Fullstack NodeJs developer,2,34000,2025-01-01,Not Egyption and site out of egypt,Remote,Full Time,Berlin,EGP
2025-07-16 09:06:37,D365 FO Dev,10,1900,2025-07-16,Not Egyption but site in egypt,Remote,Full Time,Cairo,USD
2025-07-16 09:07:07,Data Engineer,4,55000,2025-07-16,Egyption and site in egypt,Hybrid,Full Time,Cairo,EGP
2025-07-16 09:10:30,Flutter developer,3,50,2025-07-16,Not Egyption but site in egypt,Hybrid,Full Time,Lebnanon,EGP
2025-07-16 09:10:59,PHP Developer,3,45000,2025-01-02,Not Egyption but site in egypt,Remote,Full Time,Riyadh,EGP
2025-07-16 09:11:08,Frontend Developer,2,1200,2025-07-01,Not Egyption but site in egypt,Hybrid,Full Time,Cairo,USD
2025-07-16 09:11:12,Frontend reactjs,3,15000,2025-07-16,Egyption and site in egypt,Remote,Full Time,Mansoura,EGP
2025-07-16 09:11:22,AI engineer,1,17000,2025-02-17,Egyption and site in egypt,Hybrid,Full Time,Cairo,EGP
2025-07-16 09:13:30,Laravel Developer,4,60000,2025-01-01,Egyption and site in egypt,Hybrid,Full Time,Cairo,EGP
2025-07-16 09:20:14,Product Owner,3,40000,2025-06-28,Not Egyption but site in egypt,Hybrid,Full Time,Cairo,EGP
2025-07-16 09:21:55,Java Developer,2,30000,2025-07-16,Egyption and site in egypt,Hybrid,Full Time,Cairo,EGP
2025-07-16 09:22:37,Logistics & purchasing specialist,2,6000,2023-10-17,Not Egyption but site in egypt,On Site,Full Time,Minya,EGP
2025-07-16 09:25:40,Flutter Developer,2,550,2025-07-01,Not Egyption and site out of egypt,Remote,Full Time,London,USD
2025-07-16 09:26:03,Senior Front-End Developer,8,60000,2025-08-10,Egyption and site in egypt,On Site,Full Time,Alexandria,EGP
2025-07-16 09:26:21,Frontend developer,4,60000,2025-07-23,Not Egyption but site in egypt,Hybrid,Full Time,Cairo,EGP
2025-07-16 09:26:53,Software tester,1,11000,2024-10-15,Egyption and site in egypt,On Site,Full Time,Cairo,EGP
2025-07-16 09:27:45,Flutter developer,2,20000,2025-07-02,Egyption and site in egypt,Remote,Full Time,Cairo,EGP
2025-07-16 09:28:08,Software Tester,1,15000,2025-07-16,Not Egyption but site in egypt,Hybrid,Full Time,Alexandria,EGP
2025-07-16 09:28:11,Data analyst,1,18,2025-07-16,Egyption and site in egypt,On Site,Part Time,Cairo,EGP
2025-07-16 09:28:19,Senior software engineer,6,63,2025-07-01,Not Egyption but site in egypt,Remote,Full Time,Riyadh,EGP
2025-07-16 09:29:24,AI Engineer,4,60000,2025-10-01,Not Egyption but site in egypt,Hybrid,Full Time,Cairo,EGP
2025-07-16 09:30:30,iOS Developer,1,12000,2025-07-01,Egyption and site in egypt,On Site,Full Time,Giza,EGP
2025-07-16 09:31:24,Communication and electronic Engineer,1,9000,2025-07-16,Egyption and site in egypt,On Site,Full Time,Cairo,EGP
2025-07-16 09:31:30,Frontend Developer,2,19250,2025-07-16,Egyption and site in egypt,Remote,Full Time,Cairo,EGP
2025-07-16 09:33:52,joniur data engineer,1,17000,2024-06-01,Egyption and site in egypt,Hybrid,Full Time,Cairo,EGP
2025-07-16 09:33:55,Backend,2,28000,2024-11-20,Egyption and site in egypt,Hybrid,Full Time,Cairo,EGP
2025-07-16 09:34:27,Frontend Developer,5,48500,2023-05-05,Not Egyption but site in egypt,Remote,Full Time,Cairo,EGP
2025-07-16 09:34:29,Quality Control,1,20000,2025-07-16,Egyption and site in egypt,Hybrid,Full Time,Cairo,EGP
2025-07-16 09:35:19,backend developer,2,10000,2025-07-01,Egyption and site in egypt,On Site,Full Time,Tanta,EGP
2025-07-16 09:35:55,BI Engineer,4,51678,2025-06-26,Not Egyption but site in egypt,Hybrid,Full Time,Cairo,EGP
2025-07-16 09:38:01,Dynamics 356 CRM Developer,2,20000,2025-07-16,Not Egyption but site in egypt,Hybrid,Full Time,Cairo,EGP
2025-07-16 09:39:04,Software Engineer,1,12000,2025-07-01,Not Egyption but site in egypt,Hybrid,Full Time,Alexandria,EGP
2025-07-16 09:39:49,Php developer,6,36000,2025-05-01,Egyption and site in egypt,On Site,Full Time,Alexandria,EGP
2025-07-16 09:40:01,Flutter developer,1,15000,2025-07-01,Egyption and site in egypt,Remote,Full Time,Cairo,EGP
2025-07-16 09:40:05,Security Engineer,2,27000,2025-07-27,Egyption and site in egypt,Hybrid,Full Time,Cairo,EGP
2025-07-16 09:40:30,DevOps Engineer,1,22000,2025-07-01,Egyption and site in egypt,On Site,Full Time,Cairo,EGP
2025-07-16 09:42:22,Full Stack Developer,1,12000,2025-07-03,Egyption and site in egypt,On Site,Full Time,Cairo,EGP
2025-07-16 09:44:20,Software engineer,1,40000,2025-07-01,Not Egyption but site in egypt,Hybrid,Full Time,Cairo,EGP
2025-07-16 09:44:32,Data Management specialist,2,36000,2025-07-01,Egyption and site in egypt,Hybrid,Full Time,Cairo,EGP
2025-07-16 09:44:57,.NET developer,6,60000,2025-07-16,Not Egyption but site in egypt,Remote,Full Time,Cairo,EGP
2025-07-16 09:45:56,Software engineer,1,36000,2025-01-01,Egyption and site in egypt,Remote,Full Time,Cairo,EGP
2025-07-16 09:48:06,Java Developer,1,19000,2025-07-16,Egyption and site in egypt,On Site,Full Time,Alexandria,EGP
2025-07-16 09:48:21,. NET developer,6,1200,2025-07-16,Not Egyption but site in egypt,Remote,Full Time,Cairo,USD
2025-07-16 09:50:05,Software Engineer,1,35000,2025-07-29,Egyption and site in egypt,On Site,Full Time,Alexandria,EGP
2025-07-16 09:50:05,Network Security Engineer,4,30000,2025-01-01,Egyption and site in egypt,On Site,Full Time,Cairo,EGP
2025-07-16 09:52:22,MERN stack developer,4,45000,2025-07-16,Egyption and site in egypt,Hybrid,Full Time,Cairo,EGP
2025-07-16 09:52:27,Engineering manager,13,180000,2025-01-01,Egyption and site in egypt,Hybrid,Full Time,Cairo,EGP
2025-07-16 09:52:49,Full Stack Engineer,3,62500,2025-05-01,Not Egyption and site out of egypt,Remote,Full Time,Else,EGP
2025-07-16 09:55:15,Java team lead,10,4000,2024-01-01,Not Egyption but site in egypt,Remote,Full Time,Cairo,USD
2025-07-16 09:55:23,Mobile application developer,3,20000,2025-05-01,Egyption and site in egypt,On Site,Full Time,6th of October,EGP
2025-07-16 09:56:27,Data Analyst,2,22,2025-07-16,Egyption and site in egypt,On Site,Full Time,Cairo,EGP
2025-07-16 09:56:35,Data engineer,4,130000,2025-07-16,Not Egyption and site out of egypt,On Site,Full Time,Riyadh,EGP
2025-07-16 09:58:14,Front End React,4,2000,2025-07-27,Not Egyption but site in egypt,On Site,Full Time,Shiekh zayed,USD
2025-07-16 09:58:35,Back end developer,6,58000,2025-07-16,Egyption and site in egypt,Hybrid,Full Time,Cairo,EGP
2025-07-16 10:00:17,.Net Developer,2,30,2025-01-01,Egyption and site in egypt,Hybrid,Full Time,Alexandria,EGP
2025-07-16 10:02:15,PHP backend developer,2,15000,2025-07-16,Egyption and site in egypt,On Site,Full Time,Mansoura,EGP
2025-07-16 10:02:20,Senior python developer,9,70,2025-07-01,Egyption and site in egypt,On Site,Full Time,Alexandria,EGP
2025-07-16 10:08:23,C/C++,1,22000,2025-06-01,Egyption and site in egypt,Hybrid,Full Time,Cairo,EGP
2025-07-16 10:09:19,Full stack developer,2,370,2025-06-01,Not Egyption but site in egypt,Remote,Full Time,Cairo,USD
2025-07-16 10:09:27,Network engineer,4,21000,2025-06-01,Egyption and site in egypt,Hybrid,Part Time,Cairo,EGP
2025-07-16 10:11:54,Software Engineer,1,20000,2025-07-01,Egyption and site in egypt,On Site,Full Time,Alexandria,EGP
2025-07-16 10:17:15,"Full Stack developer (Flutter, .NET, react)",2,15000,2025-07-01,Not Egyption and site out of egypt,Remote,Part Time,Riyadh,EGP
2025-07-16 10:18:34,Senior Full Stack. Net Angular,3,55000,2025-07-16,Not Egyption but site in egypt,Hybrid,Full Time,Cairo,EGP
2025-07-16 10:23:36,Next Js developer,1,20000,2025-07-16,Egyption and site in egypt,Remote,Full Time,Cairo,EGP
2025-07-16 10:25:11,UI\UX Designer,2,15,2025-07-25,Egyption and site in egypt,Hybrid,Full Time,Cairo,EGP
2025-07-16 10:26:08,Frontend Developer,1,15000,2025-07-24,Egyption and site in egypt,On Site,Full Time,Cairo,EGP
2025-07-16 10:26:15,IT SUPPORT,2,10000,2024-09-01,Egyption and site in egypt,On Site,Full Time,Cairo,EGP
2025-07-16 10:27:54,.net developer,5,40,2025-07-16,Egyption and site in egypt,Remote,Full Time,Cairo,EGP
2025-07-16 10:28:28,Game developer (unreal engine),0,35000,2025-07-16,Not Egyption and site out of egypt,Remote,Full Time,Dubai,EGP
2025-07-16 10:28:27,React js Developer,3,18000,2025-01-01,Egyption and site in egypt,On Site,Full Time,Cairo,EGP
2025-07-16 10:28:33,.net developer,5,25,2025-05-01,Egyption and site in egypt,On Site,Full Time,Cairo,EGP
2025-07-16 10:29:50,Wordpress developer,2,10000,2024-10-01,Egyption and site in egypt,Remote,Full Time,Cairo,EGP
2025-07-16 10:30:27,Integration Engineer,3,28600,2025-02-12,Egyption and site in egypt,Hybrid,Full Time,Giza,EGP
2025-07-16 10:30:38,Odoo functional consultant,1,30000,2025-07-16,Not Egyption and site out of egypt,Remote,Full Time,Riyadh,EGP
2025-07-16 10:33:27,Robotics SW engineer,3,65000,2025-07-16,Not Egyption but site in egypt,On Site,Full Time,Cairo,EGP
2025-07-16 10:33:45,Ai Engineer,4,30,2025-07-01,Not Egyption but site in egypt,On Site,Full Time,Cairo,EGP
2025-07-16 10:38:55,Senior Software Engineer,6,2100,2025-07-16,Not Egyption but site in egypt,Hybrid,Full Time,Cairo,USD
2025-07-16 10:39:12,DevOps Engineer,0,18000,2025-05-01,Egyption and site in egypt,Hybrid,Full Time,Cairo,EGP
2025-07-16 10:39:39,Java Developer,2,37000,2025-02-01,Not Egyption but site in egypt,Hybrid,Full Time,Cairo,EGP
2025-07-16 10:39:49,Data analyst,1,8500,1996-07-01,Egyption and site in egypt,On Site,Full Time,Giza,EGP
2025-07-16 10:40:01,full stack developer,2,15000,2025-07-16,Egyption and site in egypt,Remote,Full Time,Cairo,EGP
2025-07-16 10:42:41,Software Engineer,2,35000,2025-01-01,Not Egyption but site in egypt,Hybrid,Full Time,Cairo,EGP
2025-07-16 10:43:57,BI Engineer,2,32000,2025-06-28,Not Egyption but site in egypt,Hybrid,Full Time,Cairo,EGP
2025-07-16 10:45:30,Backend developer Php laravel,2,20000,2020-01-01,Egyption and site in egypt,Hybrid,Full Time,Cairo,EGP
2025-07-16 10:45:41,flutter developer,1,5000,,Egyption and site in egypt,Remote,Full Time,Cairo,EGP
2025-07-16 10:46:07,full stack developer,2,15000,2025-07-16,Egyption and site in egypt,On Site,Full Time,Cairo,EGP
2025-07-16 10:47:22,Cloud DevOps Engineer,3,47100,2025-07-16,Not Egyption but site in egypt,Hybrid,Full Time,Cairo,EGP
2025-07-16 10:48:35,RPA developer,2,30,2025-07-01,Not Egyption but site in egypt,Hybrid,Full Time,Giza,EGP
2025-07-16 10:50:19,Flutter developer,5,1500,2025-03-01,Not Egyption but site in egypt,Hybrid,Full Time,Cairo,USD
2025-07-16 10:50:22,Technical Talent Acquisition Coordinator,1,16000,2025-01-06,Egyption and site in egypt,Hybrid,Full Time,Cairo,EGP
2025-07-16 10:50:56,data analyst,1,12000,2025-07-16,Not Egyption but site in egypt,On Site,Full Time,Cairo,EGP
2025-07-16 10:51:47,Software Engineer,2,1000,2025-07-16,Not Egyption and site out of egypt,Remote,Full Time,USA,USD
2025-07-16 10:56:03,Technical Office Engineer,4,19000,2025-07-01,Egyption and site in egypt,On Site,Full Time,Cairo,EGP
2025-07-16 10:56:43,Software Engineer II ( Fullstack .NET Developer ),2,30000,2025-07-01,Egyption and site in egypt,Hybrid,Full Time,Cairo,EGP
2025-07-16 10:57:37,Senior IT Support,5,22000,2025-05-01,Egyption and site in egypt,On Site,Full Time,Cairo,EGP
2025-07-16 10:57:49,.Net backend developer,7,15000,2025-06-01,Egyption and site in egypt,On Site,Full Time,Giza,EGP
2025-07-16 10:59:14,Solution architect,8,120000,2025-06-27,Not Egyption and site out of egypt,On Site,Full Time,Riyadh,EGP
2025-07-16 10:59:18,Laravel Developer,4,70000,2025-02-28,Not Egyption and site out of egypt,Remote,Full Time,Riyadh,EGP
2025-07-16 11:00:22,Software Engineer,2,30,2025-07-16,Not Egyption but site in egypt,Remote,Full Time,Dubai,EGP
2025-07-16 11:03:33,Data Engineer,2,600,2025-07-16,Not Egyption and site out of egypt,Remote,Full Time,Riyadh,USD
2025-07-16 11:05:20,Junior iOS Developer,2,40,2025-05-20,Egyption and site in egypt,Hybrid,Full Time,Cairo,EGP
2025-07-16 11:07:53,Robotic software engineer,3,1300,2025-07-16,Not Egyption but site in egypt,Hybrid,Full Time,Cairo,EGP
2025-07-16 11:09:57,Senior Flutter Developer,5,21000,2025-07-01,Egyption and site in egypt,Remote,Full Time,Cairo,EGP
2025-07-16 11:18:32,Senior MBD Engineer,4,42000,2025-06-25,Egyption and site in egypt,On Site,Full Time,Cairo,EGP
2025-07-16 11:19:57,.Net Developer,0,10000,2025-06-01,Egyption and site in egypt,On Site,Full Time,Cairo,EGP
2025-07-16 11:20:47,Software Engineer,1,36000,2025-11-15,Egyption and site in egypt,On Site,Full Time,Alexandria,EGP
2025-07-16 11:24:11,Technical Specialist-Automation,2,27000,2025-06-01,Not Egyption and site out of egypt,Remote,Full Time,Riyadh,EGP
2025-07-16 11:29:30,Node.js developer,1,600,2025-05-01,Not Egyption and site out of egypt,Remote,Full Time,USA,USD
2025-07-16 11:35:00,Senior Mechanical design engineer,3,20000,2025-07-01,Egyption and site in egypt,On Site,Full Time,6th of October,EGP
2025-07-16 11:37:50,Laravel developer,1,12000,2025-06-01,Not Egyption but site in egypt,Remote,Full Time,Cairo,EGP
2025-07-16 11:47:34,Senior Frontend Engineer (Next.js),6,1500,2025-07-30,Not Egyption and site out of egypt,Remote,Full Time,Jeddah,USD
2025-07-16 11:51:28,Full stack .Net,1,17000,2025-07-16,Egyption and site in egypt,Hybrid,Full Time,Cairo,EGP
2025-07-16 11:56:19,PHP Developer,3,25000,2025-08-01,Egyption and site in egypt,Hybrid,Full Time,Cairo,EGP
2025-07-16 11:57:22,Full stack developer .net and react (internship),0,4500,2025-07-16,Egyption and site in egypt,Hybrid,Full Time,Giza,EGP
2025-07-16 11:57:24,Flutter Developer,3,500,2025-07-01,Not Egyption and site out of egypt,Remote,Full Time,Canada,USD
2025-07-16 11:58:30,iOS Developer,3,690,2025-08-01,Egyption and site in egypt,Remote,Full Time,USA,USD
2025-07-17 12:03:03,AI Developer,1,25000,2025-01-01,Not Egyption but site in egypt,Hybrid,Full Time,Cairo,EGP
2025-07-17 12:03:04,Software Testing Engineer,1,6000,2024-12-01,Egyption and site in egypt,On Site,Full Time,Mansoura,EGP
2025-07-17 12:03:49,Front end developer vuejs,3,16,2025-02-01,Not Egyption but site in egypt,Hybrid,Full Time,Cairo,EGP
2025-07-17 12:06:06,Frontend Software Engineer,2,44500,2025-06-29,Not Egyption but site in egypt,Remote,Full Time,Cairo,EGP
2025-07-17 12:12:54,ai engineer,1,30000,2025-01-25,Egyption and site in egypt,On Site,Full Time,Cairo,EGP
2025-07-17 12:21:21,C++ Software Engineer,1,20000,2025-07-01,Egyption and site in egypt,Remote,Full Time,Georgia,EGP
2025-07-17 12:24:15,Senior Network Security Engineer,5,35000,2025-05-01,Egyption and site in egypt,On Site,Full Time,Cairo,EGP
2025-07-17 12:26:29,Senior Flutter Developer,4,60000,2025-05-01,Not Egyption but site in egypt,Hybrid,Full Time,Cairo,EGP
2025-07-17 12:27:20,Frontend Engineer,6,80000,2025-07-17,Not Egyption and site out of egypt,Remote,Full Time,Riyadh,EGP
2025-07-17 12:29:16,Network Engineer,2,28000,2025-07-01,Egyption and site in egypt,Hybrid,Full Time,Cairo,EGP
2025-07-17 12:30:20,Senior Java Developer,3,50000,2025-06-25,Egyption and site in egypt,Remote,Full Time,Cairo,EGP
2025-07-17 12:30:44,Development Team Lead,1,70000,2025-01-01,Egyption and site in egypt,Hybrid,Full Time,Cairo,EGP
2025-07-17 12:31:06,Java developer,1,30,2024-08-01,Not Egyption but site in egypt,Remote,Full Time,Cairo,EGP
2025-07-17 12:32:30,Devops engineer,1,40000,2025-07-25,Egyption and site in egypt,Remote,Full Time,Cairo,EGP
2025-07-17 12:33:16,Devops,1,28000,2024-08-24,Egyption and site in egypt,Remote,Full Time,Cairo,EGP
2025-07-17 12:36:15,.net developer,6,50000,2025-01-01,Not Egyption but site in egypt,Remote,Full Time,Cairo,EGP
2025-07-17 12:36:43,DevOps expert,9,65000,2025-07-17,Egyption and site in egypt,Hybrid,Full Time,Alexandria,EGP
2025-07-17 12:39:44,Production Manager,9,37000,2025-06-24,Not Egyption but site in egypt,On Site,Full Time,6th of October,EGP
2025-07-17 12:41:37,GRC analyst,2,40000,2025-07-17,Egyption and site in egypt,Hybrid,Full Time,Cairo,EGP
2025-07-17 12:43:39,Software Tester/QA Engineer,2,300,2025-07-30,Not Egyption but site in egypt,Remote,Full Time,Cairo,USD
2025-07-17 12:45:19,Maintenance engineer,2,18000,2025-07-17,Egyption and site in egypt,Hybrid,Full Time,Cairo,EGP
2025-07-17 12:50:20,Odoo Developer,5,1600,2025-01-01,Not Egyption and site out of egypt,Remote,Full Time,Riyadh,EGP
2025-07-17 12:50:45,Java developer,4,39,2025-07-17,Not Egyption and site out of egypt,Remote,Full Time,Cairo,EGP
2025-07-17 12:50:50,UI/UX designer,3,18000,2025-07-17,Not Egyption and site out of egypt,Remote,Full Time,Dubai,EGP
2025-07-17 12:52:08,Info sec GRC,2,25,2025-07-01,Else,Hybrid,Full Time,Cairo,EGP
2025-07-17 12:52:45,Principle Software Engineer,15,44000,2025-07-17,Egyption and site in egypt,Remote,Full Time,Cairo,EGP
2025-07-17 12:55:59,Data Engineer,1,30000,2025-07-17,Not Egyption but site in egypt,Remote,Full Time,6th of October,EGP
2025-07-17 12:57:15,Senior Database administrator,13,60,2025-07-17,Egyption and site in egypt,On Site,Full Time,Cairo,EGP
2025-07-17 12:59:32,React Developer,2,18000,2025-02-01,Not Egyption but site in egypt,On Site,Full Time,Cairo,EGP
2025-07-17 01:00:27,Security Engineer,3,55000,2025-07-17,Egyption and site in egypt,Hybrid,Full Time,Cairo,EGP
2025-07-17 01:00:33,Full stack web developer,2,55000,2025-07-01,Egyption and site in egypt,Hybrid,Full Time,Cairo,EGP
2025-07-17 01:06:14,.net developer,2,14000,2023-12-01,Egyption and site in egypt,On Site,Full Time,Mansoura,EGP
2025-07-17 01:07:01,Software engineer,4,50000,2024-10-15,Egyption and site in egypt,Hybrid,Full Time,Cairo,EGP
2025-07-17 01:10:16,Frontend Developer (React/next),2,12000,2025-07-01,Egyption and site in egypt,On Site,Full Time,Cairo,EGP
2025-07-17 01:11:15,Customer service specialist,5,20000,2025-02-01,Not Egyption but site in egypt,Hybrid,Full Time,Giza,EGP
2025-07-17 01:12:01,FP&A associate manager,5,48000,,Not Egyption but site in egypt,Hybrid,Full Time,Cairo,EGP
2025-07-17 01:12:35,.NET Developer,5,50000,2025-06-30,Not Egyption but site in egypt,Hybrid,Full Time,Giza,EGP
2025-07-17 01:15:13,Sr.Dynamics consultant,4,27000,2025-01-30,Not Egyption but site in egypt,Hybrid,Full Time,Riyadh,EGP
2025-07-17 01:16:42,Front end developer,3,25000,2025-07-15,Not Egyption and site out of egypt,Remote,Full Time,Riyadh,EGP
2025-07-17 01:19:40,DevOps/SRE,4,40000,2025-07-17,Not Egyption but site in egypt,Remote,Full Time,Cairo,EGP
2025-07-17 01:20:51,Full stack php developer,2,35000,2025-05-17,Egyption and site in egypt,Hybrid,Full Time,Cairo,EGP
2025-07-17 01:21:01,AI Engineer,2,38000,2025-07-01,Egyption and site in egypt,On Site,Full Time,Cairo,EGP
2025-07-17 01:25:17,QC and Automation engineer 2,3,57000,2025-07-01,Egyption and site in egypt,Remote,Full Time,Cairo,EGP
2025-07-17 01:28:51,Softwares tester,3,9000,2025-06-30,Not Egyption but site in egypt,On Site,Full Time,Mansoura,EGP
2025-07-17 01:35:42,Devops Engineer,5,31000,2025-07-17,Egyption and site in egypt,Hybrid,Full Time,Alexandria,EGP
2025-07-17 01:39:45,iOS Developer,6,1200,2024-10-10,Not Egyption and site out of egypt,Remote,Full Time,Dubai,USD
2025-07-17 01:40:01,Backend ( PHP ),4,1200,2025-01-01,Not Egyption and site out of egypt,Remote,Full Time,Dubai,USD
2025-07-17 01:44:22,.net,1,10,2025-07-17,Egyption and site in egypt,Remote,Full Time,Tanta,EGP
2025-07-17 01:45:19,Medical Liaison,2,24700,2023-07-30,Egyption and site in egypt,Hybrid,Full Time,Cairo,EGP
2025-07-17 01:46:20,University lecturer,10,18000,2015-02-28,Egyption and site in egypt,On Site,Full Time,Giza,EGP
2025-07-17 01:47:30,Frontend Developer,2,30000,2025-01-01,Not Egyption but site in egypt,On Site,Full Time,Cairo,EGP
2025-07-17 02:01:22,People Advisor/Hr Generalist/Hr Specialist,2,9000,2024-11-15,Egyption and site in egypt,Hybrid,Full Time,Cairo,EGP
2025-07-17 02:10:16,Odoo Implementer,4,1300,2025-01-01,Not Egyption and site out of egypt,Remote,Full Time,Riyadh,USD
2025-07-17 02:14:04,Nodejs developer,1,20000,2025-07-17,Egyption and site in egypt,On Site,Full Time,Cairo,EGP
2025-07-17 02:19:07,Full stack dot net developer,1,13000,2025-07-17,Egyption and site in egypt,Remote,Full Time,Cairo,EGP
2025-07-17 02:22:40,Computer vision engineer,1,30000,2025-07-25,Egyption and site in egypt,Hybrid,Full Time,Cairo,EGP
2025-07-17 02:26:08,Soc analyst tier1,1,20500,2025-07-17,Not Egyption but site in egypt,Hybrid,Full Time,Cairo,EGP
2025-07-17 02:28:16,Senior PHP Deveoper,12,1900,2024-09-01,Not Egyption and site out of egypt,Remote,Full Time,Riyadh,USD
2025-07-17 02:29:49,Integration Developer,3,35000,2025-07-01,Not Egyption but site in egypt,Hybrid,Full Time,Cairo,EGP
2025-07-17 02:36:26,Full stack developer,1,14000,2025-07-25,Egyption and site in egypt,Remote,Full Time,Cairo,EGP
2025-07-17 02:53:28,Frontend team lead,2,70000,2025-01-01,Egyption and site in egypt,Hybrid,Full Time,Cairo,EGP
2025-07-17 02:56:56,Electrical engineer,5,10500,2025-01-01,Egyption and site in egypt,On Site,Full Time,Suez,EGP
2025-07-17 03:02:47,DevOps Engineer,2,30000,2025-07-01,Egyption and site in egypt,Remote,Full Time,Cairo,EGP
2025-07-17 03:28:31,Cloud Engineer,3,42000,2025-06-17,Not Egyption but site in egypt,Hybrid,Full Time,Cairo,EGP
2025-07-17 03:34:53,Network Engineer,1,25000,2025-07-01,Not Egyption and site out of egypt,Remote,Full Time,Poland,EGP
2025-07-17 03:58:23,Senior ERP developer,5,62000,2025-07-17,Egyption and site in egypt,Remote,Full Time,Cairo,EGP
2025-07-17 04:28:51,Php Developer,2,800,2025-07-17,Egyption and site in egypt,Remote,Full Time,Riyadh,USD
2025-07-17 04:29:05,IT Infrastructure Engineer,1,16000,2025-03-16,Not Egyption but site in egypt,On Site,Full Time,Cairo,EGP
2025-07-17 04:29:47,Php Developer,2,800,2025-07-17,Egyption and site in egypt,Remote,Full Time,Riyadh,USD
2025-07-17 04:32:58,Data analyst,4,27500,2025-06-30,Egyption and site in egypt,Remote,Full Time,Cairo,EGP
2025-07-17 04:34:30,BI Engineer,5,38000,2025-06-01,Egyption and site in egypt,Remote,Full Time,Cairo,EGP
2025-07-17 05:02:07,Cybersecurity Presales Engineer,1,20000,2025-07-01,Egyption and site in egypt,Remote,Full Time,Cairo,EGP
2025-07-17 05:10:09,SWE Intern,0,10000,2025-07-01,Not Egyption but site in egypt,Hybrid,Full Time,Cairo,EGP
2025-07-17 05:16:22,C++ Engineer,3,1,2025-07-17,Egyption and site in egypt,Remote,Full Time,Georgia,USD
2025-07-17 05:18:54,Node js Developer,3,1200,2024-07-01,Not Egyption but site in egypt,Remote,Full Time,Cairo,USD
2025-07-17 05:22:47,Software QC engineer,3,30000,2025-02-01,Egyption and site in egypt,Hybrid,Full Time,Cairo,EGP
2025-07-17 05:23:07,Data analyst,2,9000,2025-07-31,Egyption and site in egypt,Hybrid,Part Time,Cairo,EGP
2025-07-17 05:36:31,Mentor,0,13000,2025-07-01,Egyption and site in egypt,Remote,Full Time,Cairo,EGP
2025-07-17 05:36:35,Teaching Assistant,3,16000,2025-07-23,Egyption and site in egypt,On Site,Full Time,Cairo,EGP
2025-07-17 05:38:18,Software Developer,2,32,2025-07-26,Not Egyption but site in egypt,Hybrid,Full Time,Riyadh,EGP
2025-07-17 06:13:44,presales automation engineer,2,15000,2025-05-01,Egyption and site in egypt,On Site,Full Time,Cairo,EGP
2025-07-17 06:17:38,Front End Developer,3,18200,2025-07-30,Egyption and site in egypt,Remote,Full Time,Cairo,EGP
2025-07-17 06:18:21,Frontend,3,7500,2025-08-05,Else,Remote,Part Time,Cairo,EGP
2025-07-17 06:22:35,Front end react,2,30000,2025-07-17,Not Egyption but site in egypt,Remote,Full Time,Cairo,EGP
2025-07-17 06:28:17,Devops engineer,6,26000,2025-03-01,Not Egyption and site out of egypt,Hybrid,Full Time,Abu Dhabi,AED
2025-07-17 06:30:37,Test,0,0,2025-02-01,Egyption and site in egypt,On Site,Full Time,Cairo,EGP
2025-07-17 06:43:08,.Net Developer,3,12000,2025-03-01,Egyption and site in egypt,On Site,Full Time,Mansoura,EGP
2025-07-17 07:01:28,Backend node.js developer,1,20,2025-07-17,Egyption and site in egypt,Hybrid,Full Time,Cairo,EGP
2025-07-17 07:08:43,Full stack Developer,3,20000,2025-07-17,Egyption and site in egypt,On Site,Full Time,Cairo,EGP
2025-07-17 07:13:48,CRM developer,1,15000,2025-07-17,Egyption and site in egypt,Hybrid,Full Time,Cairo,EGP
2025-07-17 07:20:55,MEAN stack developer,3,50000,2025-01-31,Egyption and site in egypt,On Site,Full Time,Cairo,EGP
2025-07-17 07:23:47,Software Engineer Intern,0,5000,2025-07-17,Not Egyption but site in egypt,On Site,Full Time,Cairo,EGP
2025-07-17 07:32:52,Data Scientist,3,48000,2025-07-27,Not Egyption but site in egypt,On Site,Full Time,Marsa Alam,EGP
2025-07-17 07:34:17,Dotnet full stack developer,2,15000,2025-07-07,Egyption and site in egypt,Hybrid,Full Time,Cairo,EGP
2025-07-17 07:42:39,robotics engin,3,22900,2025-01-08,Egyption and site in egypt,On Site,Full Time,Cairo,EGP
2025-07-17 07:42:51,senior software engineer,11,1750,2025-07-17,Not Egyption but site in egypt,Remote,Full Time,USA,USD
2025-07-17 07:42:55,Java Developer,3,50000,2025-07-01,Egyption and site in egypt,Hybrid,Full Time,Cairo,EGP
2025-07-17 08:13:22,Senior Flutter Developer,6,35000,2025-07-17,Not Egyption but site in egypt,On Site,Full Time,Shiekh zayed,EGP
2025-07-17 08:21:33,NLP R&D Engineer,2,35000,2002-02-26,Egyption and site in egypt,On Site,Full Time,Giza,EGP
2025-07-17 08:21:45,Technical support specialist,5,7500,2025-07-17,Egyption and site in egypt,On Site,Full Time,Else,EGP
2025-07-17 08:22:47,Senior Data Engineed,4,70000,2025-07-01,Egyption and site in egypt,Hybrid,Full Time,Cairo,EGP
2025-07-17 08:25:04,Full Stack Developer,4,55000,2025-07-01,Not Egyption and site out of egypt,Remote,Full Time,New York,EGP
2025-07-17 08:41:07,Data analyst,2,7,2025-06-30,Egyption and site in egypt,On Site,Full Time,Mansoura,EGP
2025-07-17 08:42:26,Sales analyst,0,15000,2025-07-17,Egyption and site in egypt,On Site,Full Time,Giza,EGP
2025-07-17 08:52:23,Social media marketing executive,4,14000,2025-07-05,Not Egyption but site in egypt,On Site,Full Time,Cairo,EGP
2025-07-17 08:53:32,Solutions Engineer,3,15000,2025-07-17,Not Egyption and site out of egypt,Remote,Full Time,Dubai,EGP
2025-07-17 08:53:48,Data Scientist,3,37000,2025-07-25,Egyption and site in egypt,On Site,Full Time,6th of October,EGP
2025-07-17 08:53:52,Manual software tester,1,10,2024-11-01,Egyption and site in egypt,Hybrid,Full Time,Cairo,EGP
2025-07-17 08:56:42,Senior Android Engineer,8,3000,2025-05-17,Not Egyption and site out of egypt,Remote,Full Time,Riyadh,USD
2025-07-17 08:56:53,Senior data analyst,8,35,2025-07-17,Egyption and site in egypt,On Site,Full Time,Cairo,EGP
2025-07-17 09:00:12,SAP MM Consultant,2,30,2025-03-29,Not Egyption but site in egypt,Hybrid,Full Time,Cairo,EGP
2025-07-17 09:03:25,IT Specialist,1,9000,2025-06-01,Egyption and site in egypt,On Site,Full Time,Cairo,EGP
2025-07-17 09:04:22,Software Quality Control Tester,4,690,2025-07-31,Not Egyption but site in egypt,Hybrid,Full Time,Multi Site,USD
2025-07-17 09:09:27,Wordpress deveolper,1,9000,2025-07-01,Egyption and site in egypt,Remote,Full Time,Cairo,EGP
2025-07-17 09:14:51,Control Engineer,1,14000,2025-06-20,Egyption and site in egypt,On Site,Full Time,Cairo,EGP
2025-07-17 09:26:02,Android Developer,1,10000,2025-07-01,Egyption and site in egypt,On Site,Full Time,Cairo,EGP
2025-07-17 09:28:33,React js Front End Developer,2,15000,2025-07-01,Egyption and site in egypt,Hybrid,Full Time,Cairo,EGP
2025-07-17 09:30:19,Ml Engineer,1,25000,2025-07-17,Egyption and site in egypt,Hybrid,Full Time,Giza,EGP
2025-07-17 09:32:31,SOC Analyst,1,10,2025-07-17,Egyption and site in egypt,Remote,Full Time,Cairo,EGP
2025-07-17 09:34:32,Eu consequatur sunt,28,,2006-10-20,Egyption and site in egypt,On Site,Full Time,Else,EGP
2025-07-17 09:40:18,Group OD & Talent Specialist,2,12200,2025-07-17,Egyption and site in egypt,On Site,Full Time,Cairo,EGP
2025-07-17 09:42:43,Network / Network Security Engineer,0,12000,2024-12-17,Egyption and site in egypt,On Site,Full Time,Cairo,EGP
2025-07-17 09:45:42,Full Stack .NET & Angular,1,16000,2025-07-15,Not Egyption and site out of egypt,Remote,Full Time,USA,EGP
2025-07-17 09:47:24,Data Engineer,2,32000,2025-07-01,Egyption and site in egypt,Hybrid,Full Time,Cairo,EGP
2025-07-17 09:51:16,Data scientist,4,50000,2025-07-17,Egyption and site in egypt,On Site,Full Time,Cairo,EGP
2025-07-17 09:53:24,Fullstack Dev,7,125000,2025-05-01,Not Egyption and site out of egypt,Remote,Full Time,Canada,EGP
2025-07-17 10:01:19,Embedded linux engineer,2,60000,2025-07-17,Not Egyption but site in egypt,Hybrid,Full Time,Cairo,EGP
2025-07-17 10:03:37,Flutter Developer,2,140,2002-04-01,Not Egyption but site in egypt,Remote,Part Time,Cairo,EGP
2025-07-17 10:05:30,IOS Deveoper,8,75000,2025-01-01,Egyption and site in egypt,Hybrid,Full Time,Cairo,EGP
2025-07-17 10:08:44,Fulkstack .Net developer,10,75000,2025-01-01,Egyption and site in egypt,On Site,Full Time,Cairo,EGP
2025-07-17 10:12:40,Data Engineer,1,22000,2025-03-01,Egyption and site in egypt,Hybrid,Full Time,Cairo,EGP
2025-07-17 10:14:01,Senior Backend developer,5,80000,2025-07-01,Egyption and site in egypt,Hybrid,Full Time,Cairo,EGP
2025-07-17 10:16:31,Backend Software Engineer,4,40000,2025-07-17,Egyption and site in egypt,Hybrid,Full Time,Cairo,EGP
2025-07-17 10:17:11,Senior Android Developer,4,70000,2025-04-01,Not Egyption but site in egypt,Hybrid,Full Time,Cairo,EGP
2025-07-17 10:18:58,Senior QA,9,1100,2025-07-01,Not Egyption but site in egypt,On Site,Full Time,Dubai,EGP
2025-07-17 10:19:55,Senior backend engineer,9,3500,2025-07-01,Not Egyption and site out of egypt,Remote,Full Time,Dubai,USD
2025-07-17 10:20:33,Core banking specialist agriculture,3,10500,2025-07-17,Else,On Site,Full Time,Cairo,EGP
2025-07-17 10:21:22,CRM D365 developer,0,12000,2025-07-17,Egyption and site in egypt,Remote,Full Time,Giza,EGP
2025-07-17 10:21:28,Backend Software Engineer,3,80000,2025-02-28,Egyption and site in egypt,Hybrid,Full Time,Cairo,EGP
2025-07-17 10:22:12,.Net Developer,2,12000,2024-09-01,Not Egyption but site in egypt,Remote,Full Time,Cairo,EGP
2025-07-17 10:23:56,Senior Full stack,8,90,2025-03-01,Egyption and site in egypt,Remote,Full Time,Cairo,EGP
2025-07-17 10:24:43,Data Analyst,1,6500,2025-06-25,Egyption and site in egypt,Hybrid,Full Time,Cairo,EGP
2025-07-17 10:27:27,Technical Talent acquisition specialist,2,13,2025-06-29,Egyption and site in egypt,On Site,Full Time,Cairo,EGP
2025-07-17 10:30:54,.Net Developer,3,22500,2025-07-17,Egyption and site in egypt,Hybrid,Full Time,Cairo,EGP
2025-07-17 10:31:47,Business analyst,2,25000,2025-07-17,Egyption and site in egypt,Remote,Full Time,Riyadh,EGP
2025-07-17 10:37:10,Senior Software Quality Control Engineer,4,55000,2025-09-01,Not Egyption but site in egypt,Hybrid,Full Time,Giza,EGP
2025-07-17 10:38:37,Java developer,3,41000,2025-07-28,Not Egyption but site in egypt,Hybrid,Full Time,Cairo,EGP
2025-07-17 10:38:56,Senior Mobile developer,8,75000,1992-05-24,Egyption and site in egypt,Hybrid,Full Time,Cairo,EGP
2025-07-17 10:41:10,Odoo Developer,0,7000,2025-07-01,Egyption and site in egypt,Hybrid,Full Time,Cairo,EGP
2025-07-17 10:41:36,Full stack web developer,3,37,2025-07-25,Egyption and site in egypt,On Site,Full Time,Cairo,EGP
2025-07-17 10:41:51,Software tester,0,19000,2025-06-25,Not Egyption but site in egypt,Hybrid,Full Time,Cairo,EGP
2025-07-17 10:41:58,Senior C++ engineer,10,180,2025-08-01,Not Egyption but site in egypt,Remote,Full Time,Cairo,EGP
2025-07-17 10:50:07,Software engineer,2,20000,2025-06-15,Egyption and site in egypt,On Site,Full Time,Giza,EGP
2025-07-17 10:51:19,.net developer,2,20000,2025-06-15,Egyption and site in egypt,On Site,Full Time,Giza,EGP
2025-07-17 10:55:33,Python developer,5,55000,2025-04-01,Egyption and site in egypt,Hybrid,Full Time,Alexandria,EGP
2025-07-17 10:56:02,AI Engineer,1,25000,2025-06-01,Egyption and site in egypt,Remote,Full Time,Cairo,EGP
2025-07-17 10:56:11,Front end web developer,2,30000,2025-07-25,Egyption and site in egypt,On Site,Full Time,Cairo,EGP
2025-07-17 10:59:19,Senior Data Management Engineer,5,13100,2025-01-01,Egyption and site in egypt,On Site,Full Time,Cairo,EGP
2025-07-17 11:00:16,Infrastructure Engineer,3,35000,2025-07-17,Egyption and site in egypt,Hybrid,Full Time,Cairo,EGP
2025-07-17 11:02:16,CRM Consultant,2,15500,2025-07-17,Not Egyption and site out of egypt,On Site,Full Time,Riyadh,EGP
2025-07-17 11:03:47,Data Engineer,1,30000,2025-08-01,Not Egyption but site in egypt,Remote,Full Time,Cairo,EGP
2025-07-17 11:04:27,Data Analyst,2,13,2025-07-15,Egyption and site in egypt,On Site,Full Time,Multi Site,EGP
2025-07-17 11:05:09,IoT/embedded,1,22000,2025-07-17,Egyption and site in egypt,On Site,Full Time,Cairo,EGP
2025-07-17 11:07:35,React native,5,150,2025-07-17,Not Egyption and site out of egypt,Remote,Full Time,Cairo,EGP
2025-07-17 11:09:28,Senior full stack developer dot net,8,70000,2025-07-01,Egyption and site in egypt,Hybrid,Full Time,Cairo,EGP
2025-07-17 11:09:41,Senior qc,4,53000,2025-04-01,Egyption and site in egypt,Hybrid,Full Time,Cairo,EGP
2025-07-17 11:15:37,full stack .net,5,46000,2025-07-17,Egyption and site in egypt,Hybrid,Full Time,Cairo,EGP
2025-07-17 11:16:37,Full Stack Laravel Developer,3,25000,2025-07-01,Egyption and site in egypt,Remote,Full Time,Cairo,EGP
2025-07-17 11:18:42,Senior Android developer,10,2250,2023-07-17,Not Egyption but site in egypt,Hybrid,Full Time,Cairo,USD
2025-07-17 11:20:32,Flutter Developer,4,750,2025-01-01,Not Egyption and site out of egypt,Remote,Full Time,Amman,USD
2025-07-17 11:24:22,Software quality control,3,1200,2025-01-01,Not Egyption but site in egypt,Remote,Full Time,Multi Site,USD
2025-07-17 11:26:03,Back end php developer,2,600,2025-07-01,Egyption and site in egypt,Remote,Full Time,Giza,USD
2025-07-17 11:26:24,Java developer,1,25,2025-06-01,Egyption and site in egypt,Hybrid,Full Time,Giza,EGP
2025-07-17 11:29:12,R&D Chemist,1,8000,2025-01-01,Not Egyption but site in egypt,On Site,Full Time,Obour City ,EGP
2025-07-17 11:31:38,DevOps Engineer,2,16000,2025-07-01,Egyption and site in egypt,On Site,Full Time,Cairo,EGP
2025-07-17 11:32:37,Senior Analyst,5,30000,2025-07-01,Egyption and site in egypt,On Site,Full Time,Cairo,EGP
2025-07-17 11:34:54,senior Automation Tester,9,2000,2025-07-01,Egyptian and site out of Egypt,Remote,Full Time,Cairo,USD
2025-07-17 11:36:44,DevOps Engineer,2,500,2025-07-17,Not Egyption but site in egypt,On Site,Full Time,Cairo,USD
2025-07-17 11:42:40,it specialist,2,10000,2025-05-26,Egyption and site in egypt,On Site,Full Time,Cairo,EGP
2025-07-17 11:44:25,Test Automation Engineer,3,75000,2025-03-02,Not Egyption but site in egypt,Hybrid,Full Time,Cairo,EGP
2025-07-17 11:44:54,Teaching Assistant,2,16000,2025-07-17,Egyption and site in egypt,On Site,Full Time,New Administrative capital ,EGP
2025-07-17 11:50:40,Nodejs Backend Developer,2,20000,2025-07-17,Not Egyption but site in egypt,Remote,Full Time,6th of October,EGP
2025-07-17 11:57:02,System administrator,2,7500,2025-06-08,Egyption and site in egypt,On Site,Full Time,Cairo,EGP
2025-07-17 12:02:07,Laravel,4,30000,2025-01-01,Not Egyption but site in egypt,On Site,Full Time,Riyadh,EGP
2025-07-17 12:02:10,Senior data engineer,4,80,2025-06-01,Not Egyption but site in egypt,Hybrid,Full Time,France,EGP
2025-07-17 12:03:01,Senior data engineer,4,70000,2025-03-01,Not Egyption but site in egypt,Hybrid,Full Time,France,EGP
2025-07-17 12:05:23,DevOps engineer,3,31000,2025-07-27,Egyption and site in egypt,Hybrid,Full Time,Cairo,EGP
2025-07-17 12:14:21,.net developer,2,40000,2025-03-01,Not Egyption but site in egypt,On Site,Full Time,Cairo,EGP
2025-07-17 12:15:43,Software engineering intern,1,10000,2025-07-31,Not Egyption but site in egypt,Hybrid,Full Time,Cairo,EGP
2025-07-17 12:16:41,Product Manager,1,15000,2025-07-11,Egyption and site in egypt,Hybrid,Full Time,Cairo,EGP
2025-07-17 12:18:51,PHP Laravel developer,3,17000,2025-07-01,Egyption and site in egypt,On Site,Full Time,Cairo,EGP
2025-07-17 12:24:03,Full stack .Net developer,1,12000,2025-07-17,Egyption and site in egypt,On Site,Full Time,Alexandria,EGP
2025-07-17 12:24:58,Frontend Engineer,2,12500,2025-07-17,Egyption and site in egypt,Remote,Full Time,Cairo,EGP
2025-07-17 12:26:42,SAP Functional specialist,2,13000,2025-07-17,Egyption and site in egypt,On Site,Full Time,Cairo,EGP
2025-07-17 12:26:46,.net developer,1,12000,2025-07-15,Egyption and site in egypt,On Site,Full Time,Alexandria,EGP
2025-07-17 12:28:45,Embedded software team leader,13,48000,2025-07-05,Egyption and site in egypt,On Site,Full Time,Cairo,EGP
2025-07-17 12:31:43,Technical Team Lead,8,90000,2025-07-27,Not Egyption but site in egypt,Hybrid,Full Time,Alexandria,EGP
2025-07-17 12:33:39,Software QC Engineer,2,13000,2025-02-01,Egyption and site in egypt,Hybrid,Full Time,Cairo,EGP
2025-07-17 12:36:36,Php laravel developer,3,25000,2025-07-01,Egyption and site in egypt,Hybrid,Full Time,Zagazig,EGP
2025-07-17 12:37:40,Network specialist,3,25000,2025-01-01,Egyption and site in egypt,Hybrid,Full Time,Cairo,EGP
2025-07-17 12:48:20,Front-end developer,4,35000,2024-09-01,Egyption and site in egypt,On Site,Full Time,Cairo,EGP
2025-07-17 12:48:23,Frontend Engineer,2,40000,2025-01-01,Egyption and site in egypt,Remote,Full Time,Cairo,EGP
2025-07-17 12:49:50,Data Analytics Engineer,3,55000,2025-07-01,Not Egyption but site in egypt,Hybrid,Full Time,Cairo,EGP
2025-07-17 12:50:54,Frontend Developer (Angular/React/VUE),3,130000,1998-08-01,Not Egyption and site out of egypt,Remote,Full Time,Vancouver,EGP
2025-07-17 12:53:40,Senior Flutter Developer,6,75,2025-01-31,Egyption and site in egypt,Remote,Full Time,Cairo,EGP
2025-07-17 12:55:09,Senior full stack .net developer,4,70,2025-07-17,Not Egyption but site in egypt,Hybrid,Full Time,Cairo,EGP
2025-07-17 12:55:28,Junior Backend Developer,1,,2025-07-31,Egyption and site in egypt,Remote,Full Time,Else,EGP
2025-07-17 12:56:47,Backend web deceloper,1,31000,2025-01-01,Not Egyption but site in egypt,Hybrid,Full Time,Multi Site,EGP
2025-07-17 12:59:17,sales analyst,2,25,2025-07-01,Egyption and site in egypt,Hybrid,Full Time,Dubai,EGP
2025-07-17 01:03:13,Product Security Engineer,2,70000,2025-06-29,Not Egyption but site in egypt,Hybrid,Full Time,Cairo,EGP
2025-07-17 01:05:08,Data center engineer,1,15,2025-07-17,Egyption and site in egypt,Hybrid,Full Time,Cairo,EGP
2025-07-17 01:06:40,Senior application support,3,22500,2025-04-01,Egyption and site in egypt,Hybrid,Full Time,Cairo,EGP
2025-07-17 01:10:13,Senior java developer,4,40000,1996-07-18,Egyption and site in egypt,Hybrid,Full Time,Cairo,EGP
2025-07-17 01:11:19,Machine Learning Engineer,3,38000,2025-07-28,Egyption and site in egypt,Hybrid,Full Time,Cairo,EGP
2025-07-17 01:12:50,Android Developer,0,8000,2025-05-01,Egyption and site in egypt,Remote,Part Time,Mansoura,EGP
2025-07-17 01:13:14,Java developer,1,22000,2025-07-01,Egyption and site in egypt,Hybrid,Full Time,Cairo,EGP
2025-07-17 01:23:56,Flutter Developer,1,6000,2025-04-09,Egyption and site in egypt,Hybrid,Full Time,Cairo,EGP
2025-07-17 01:25:54,Flutter Developer,2,700,2025-03-01,Not Egyption and site out of egypt,Remote,Full Time,Dubai,USD
2025-07-17 01:29:57,IT Service Desk,6,10000,2024-10-15,Egyption and site in egypt,On Site,Full Time,Cairo,EGP
2025-07-17 01:30:02,PHP Deveoper,3,18000,2025-07-01,Egyption and site in egypt,On Site,Full Time,Mansoura,EGP
2025-07-17 01:30:14,Software Tester,3,40000,2025-07-01,Not Egyption but site in egypt,Hybrid,Full Time,Cairo,EGP
2025-07-17 01:33:57,Senior Java Spring Boot Developer,3,35000,2025-07-20,Not Egyption but site in egypt,Hybrid,Full Time,Cairo,EGP
2025-07-17 01:38:28,Hr Specialist,2,4000,2025-07-01,Egyption and site in egypt,Remote,Part Time,Cairo,EGP
2025-07-17 01:42:04,Senior java experience,9,90000,2025-07-17,Not Egyption and site out of egypt,Hybrid,Full Time,Cairo,EGP
2025-07-17 01:46:19,Senior Internal Auditor and Process Improvement  (Tech Industry),2,130000,2025-07-17,Egyptian and site out of Egypt,Remote,Full Time,Multi Site,EGP
2025-07-17 01:47:50,Android Developer,2,40,2025-07-01,Not Egyption but site in egypt,On Site,Full Time,Cairo,EGP
2025-07-17 01:48:16,Devops Engineer,1,12500,2025-06-01,Egyption and site in egypt,Remote,Full Time,Cairo,EGP
2025-07-17 01:49:51,RPA developer,2,32000,2025-06-24,Not Egyption but site in egypt,Hybrid,Full Time,Cairo,EGP
2025-07-17 01:55:17,font end developer,2,23500,2025-05-04,Not Egyption but site in egypt,On Site,Full Time,Giza,EGP
2025-07-17 01:55:41,Software engineer,1,18000,2025-03-01,Not Egyption and site out of egypt,Remote,Full Time,Dubai,EGP
2025-07-17 02:05:43,Flutter developer,4,28000,2025-06-25,Egyption and site in egypt,On Site,Full Time,Cairo,EGP
2025-07-17 02:03:02,iOS developer,3,30000,2024-05-01,Egyption and site in egypt,Remote,Full Time,Cairo,EGP
2025-07-17 02:08:34,.Net developer,1,14000,2025-01-01,Egyption and site in egypt,Remote,Full Time,Nasr City,EGP
2025-07-17 02:10:30,Devops Enginner,2,7000,2025-07-18,Egyption and site in egypt,On Site,Full Time,Jeddah,SAR
2025-07-17 02:15:31,Senior software,7,1300,2025-02-01,Not Egyption but site in egypt,Hybrid,Full Time,Cairo,USD
2025-07-17 02:17:19,IP Datacom customer support,2,28000,2025-07-25,Egyption and site in egypt,On Site,Full Time,Giza,EGP
2025-07-17 02:18:28,Network Automation Engineer,2,3600,2025-06-25,Not Egyption and site out of egypt,Remote,Full Time,Warsaw,USD
2025-07-17 02:22:44,Network Engineer,2,15000,2025-06-25,Egyption and site in egypt,Hybrid,Full Time,Giza,EGP
2025-07-17 02:22:37,Web Developer,0,8500,2025-01-01,Egyption and site in egypt,Remote,Full Time,Cairo,EGP
2025-07-17 02:36:40,System Administrator,4,33000,2025-07-17,Egyption and site in egypt,On Site,Full Time,Cairo,EGP
2025-07-17 02:42:34,Senior Data Analyst,5,30000,2025-06-30,Egyption and site in egypt,On Site,Full Time,Cairo,EGP
2025-07-17 02:44:53,Android Developer,6,1602,2025-07-17,Not Egyption but site in egypt,Remote,Full Time,Riyadh,USD
2025-07-17 02:46:37,Flutter Developer,3,35000,1997-02-12,Not Egyption but site in egypt,Hybrid,Full Time,Cairo,EGP
2025-07-17 02:51:43,Data Engineering,0,15000,2025-07-17,Egyption and site in egypt,On Site,Full Time,Cairo,EGP
2025-07-17 03:03:02,SQL DBA | OCI admin,2,17000,2025-07-17,Egyption and site in egypt,On Site,Full Time,Cairo,EGP
2025-07-17 03:10:55,Software Engineer,3,28000,2025-07-17,Not Egyption but site in egypt,Hybrid,Full Time,Cairo,EGP
2025-07-17 03:13:02,Flutter Developer,2,8000,2025-07-17,Egyption and site in egypt,On Site,Full Time,Dubai,EGP
2025-07-17 03:13:45,Flutter Developer,2,10500,2025-06-01,Egyption and site in egypt,On Site,Full Time,Riyadh,EGP
2025-07-17 03:13:52,Senior Ruby On Rails engineer,9,8200,2024-12-31,Not Egyption and site out of egypt,Remote,Full Time,USA,USD
2025-07-17 03:20:46,associate cybersecurity consultant,2,40000,2025-07-17,Not Egyption but site in egypt,Hybrid,Full Time,Cairo,EGP
2025-07-17 03:21:13,Mern-Stack Developer,2,20000,2025-07-01,Egyption and site in egypt,Remote,Full Time,Cairo,EGP
2025-07-17 03:22:10,Coding instructor,1,15800,2001-07-01,Egyption and site in egypt,Remote,Full Time,Cairo,EGP
2025-07-17 03:25:55,AI & Data Science Engineer,1,10000,2025-02-15,Egyption and site in egypt,Hybrid,Full Time,Cairo,EGP
2025-07-17 03:29:02,Backend Engineer,2,45000,2025-01-01,Egyption and site in egypt,On Site,Full Time,Giza,EGP
2025-07-17 03:33:52,Senior Software Engineer (Backend),5,2500,2025-07-26,Not Egyption but site in egypt,Hybrid,Full Time,Munich,EUR
2025-07-17 03:47:37,Senior dot net developer,6,65000,2025-01-01,Egyption and site in egypt,Remote,Full Time,Cairo,EGP
2025-07-17 03:57:01,Data Analyst,1,7800,2025-06-01,Egyption and site in egypt,Hybrid,Full Time,Cairo,EGP
2025-07-17 03:57:34,Data Analyst,1,12000,2025-06-01,Egyption and site in egypt,On Site,Full Time,Cairo,EGP
2025-07-17 03:58:15,Data Analysis Instructor,2,18000,2025-06-01,Egyption and site in egypt,On Site,Full Time,Cairo,EGP
2025-07-17 04:23:55,HR Generalist,5,25000,2025-07-01,Not Egyption and site out of egypt,Remote,Full Time,Riyadh,EGP
2025-07-17 04:33:39,Frontend Developer,2,8000,2025-07-30,Not Egyption and site out of egypt,Remote,Full Time,London,EGP
2025-07-17 04:39:00,Full-Stack Java Developer,2,1150,2025-05-01,Egyption and site in egypt,Remote,Full Time,Oman,USD
2025-07-17 04:40:29,Data Analyst,2,14000,2025-07-17,Egyption and site in egypt,On Site,Full Time,Cairo,EGP
2025-07-17 04:40:57,Java Developer,2,45000,2025-07-01,Egyption and site in egypt,On Site,Full Time,Cairo,EGP
2025-07-17 04:44:03,Front end team lead,10,165000,2025-01-01,Not Egyption but site in egypt,Remote,Full Time,Riyadh,EGP
2025-07-17 04:49:06,Fullstack developer,3,8000,2025-05-01,Not Egyption and site out of egypt,Remote,Full Time,London,EGP
2025-07-17 04:51:03,Dig Data Engineer,1,30000,2025-08-03,Egyption and site in egypt,Hybrid,Full Time,Cairo,EGP
2025-07-17 04:52:05,Project Manager,2,12000,2025-01-01,Egyption and site in egypt,Hybrid,Full Time,Cairo,EGP
2025-07-17 05:05:40,Data Analyst,1,20000,2025-06-01,Egyption and site in egypt,Hybrid,Full Time,Cairo,EGP
2025-07-17 05:09:50,.net developer,1,14000,2025-01-01,Egyption and site in egypt,Remote,Full Time,Cairo,EGP
2025-07-17 05:15:08,BigData Engineer,1,30000,2025-08-03,Egyption and site in egypt,Hybrid,Full Time,Cairo,EGP
2025-07-17 05:29:17,Senior product analyst,4,55000,2025-07-01,Egyption and site in egypt,Hybrid,Full Time,Cairo,EGP
2025-07-17 05:29:24,iOS Developer,4,36,2024-10-01,Egyption and site in egypt,Hybrid,Full Time,Giza,EGP
2025-07-17 05:34:07,Application support specialist,5,22000,2025-04-07,Egyption and site in egypt,Hybrid,Full Time,Cairo,EGP
2025-07-17 05:38:46,"C, cpp developer",2,24000,2025-05-04,Egyption and site in egypt,On Site,Full Time,Cairo,EGP
2025-07-17 05:40:28,Full Stack .Net Developer,2,15000,2025-07-01,Egyption and site in egypt,Remote,Full Time,Cairo,EGP
2025-07-17 05:41:16,Testing intern,0,200,2025-06-01,Not Egyption but site in egypt,On Site,Full Time,Cairo,USD
2025-07-17 06:03:06,Staff software developer,7,80000,2025-02-02,Egyption and site in egypt,Hybrid,Full Time,Cairo,EGP
2025-07-17 06:03:33,Admin Officer,1,7500,2025-07-17,Egyption and site in egypt,On Site,Full Time,10th of Ramadan,EGP
2025-07-17 06:05:08,Tech lead manager,8,68000,2025-01-01,Egyption and site in egypt,Hybrid,Full Time,Cairo,EGP
2025-07-17 06:15:01,DevOps Engineer,5,2000,2025-07-16,Not Egyption but site in egypt,Remote,Full Time,Cairo,USD
2025-07-17 06:16:37,Backend developer,1,3000,2025-07-01,Egyption and site in egypt,Remote,Part Time,Cairo,EGP
2025-07-17 06:26:55,Odoo developer,1,4000,2025-07-05,Egyption and site in egypt,Remote,Full Time,Alexandria,EGP
2025-07-17 06:46:57,Senior PHP developer,5,2000,2025-06-30,Not Egyption and site out of egypt,Remote,Full Time,California,USD
2025-07-17 06:48:15,Embedded Linux Engineer,2,23000,2025-03-01,Not Egyption but site in egypt,On Site,Full Time,Cairo,EGP
2025-07-17 07:26:22,ML Intern,0,3000,2025-08-01,Egyption and site in egypt,Hybrid,Full Time,Cairo,EGP
2025-07-17 07:33:33,Technical Support Engineer,2,12000,2025-07-17,Egyption and site in egypt,Hybrid,Full Time,Cairo,EGP
2025-07-17 07:41:17,UAT Senior Specialist,3,16,2025-07-17,Egyption and site in egypt,Hybrid,Full Time,Cairo,EGP
2025-07-17 07:42:02,Senior Full Stack Engineer,4,40000,2024-12-15,Egyption and site in egypt,Hybrid,Full Time,Cairo,EGP
2025-07-17 07:44:13,Vue front-end developer,4,22000,2025-04-01,Egyption and site in egypt,Hybrid,Full Time,Cairo,EGP
2025-07-17 07:45:12,Full stack developer,1,32,2025-08-01,Egyption and site in egypt,Hybrid,Full Time,Cairo,EGP
2025-07-17 07:47:51,Fullstack Developer (.NET/Angular),6,2200,2025-01-01,Not Egyption but site in egypt,Remote,Full Time,Riyadh,USD
2025-07-17 07:52:43,IT First Line,3,17000,2025-03-01,Egyption and site in egypt,Hybrid,Full Time,Cairo,EGP
2025-07-17 08:00:26,Data & AI Engineer,1,7500,2025-03-01,Not Egyption but site in egypt,On Site,Full Time,Cairo,AED
2025-07-17 08:01:15,Data & AI Engineer,1,30000,2025-07-17,Egyption and site in egypt,Hybrid,Full Time,Cairo,EGP
2025-07-17 08:01:41,Cluster revenue analyst,3,1,2025-07-17,Egyption and site in egypt,On Site,Full Time,Cairo,EGP
2025-07-17 08:03:42,React native developer,1,30000,2025-07-17,Egyption and site in egypt,Hybrid,Full Time,Cairo,EGP
2025-07-17 08:13:19,RA,0,8000,2025-07-17,Egyption and site in egypt,On Site,Full Time,Cairo,EGP
2025-07-17 08:45:06,full stack sw eng,1,48,2025-07-10,Not Egyption but site in egypt,Hybrid,Full Time,Cairo,EGP
2025-07-17 08:49:11,Frontend Developer React,1,25000,2025-04-01,Not Egyption but site in egypt,Hybrid,Full Time,Cairo,EGP
2025-07-17 09:05:27,Fresh Data Engineer,0,15,2001-09-04,Egyption and site in egypt,On Site,Full Time,Cairo,EGP
2025-07-17 09:22:14,Fullstack Developer,1,15000,2025-07-17,Egyption and site in egypt,Hybrid,Full Time,Cairo,EGP
2025-07-17 09:27:23,Fresh Data Engineer,0,15,2025-06-27,Egyption and site in egypt,On Site,Full Time,Cairo,EGP
2025-07-17 09:40:59,Full stack software (.net and angular),3,680,2025-06-21,Egyption and site in egypt,Remote,Full Time,Cairo,USD
2025-07-17 09:47:53,Angular Developer,1,9000,2024-08-17,Egyption and site in egypt,Remote,Full Time,Cairo,EGP
2025-07-17 09:53:10,PHP Deveoper,4,1500,2025-01-01,Not Egyption and site out of egypt,Remote,Full Time,USA,USD
2025-07-17 10:01:27,Senior Open-Source VoIP System Engineer | Tier 3 Technical Support Engineer,12,3000,2025-07-17,Not Egyption but site in egypt,Hybrid,Full Time,Riyadh,USD
2025-07-17 10:27:00,Frontend Developer,2,500,2025-07-17,Not Egyption and site out of egypt,Remote,Full Time,Jordan ,USD
2025-07-17 10:41:08,Software Engineer,1,30000,2025-07-17,Egyption and site in egypt,Hybrid,Part Time,Alexandria,EGP
2025-07-17 10:46:02,Software Engineer 2 (Front-end Developer),4,1300,2025-06-01,Not Egyption and site out of egypt,Remote,Full Time,Berlin,EUR
2025-07-17 10:51:26,Full Stack Developer,2,500,2025-07-20,Not Egyption and site out of egypt,Remote,Full Time,Denmark,USD
2025-07-17 10:52:38,Software Engineer,1,20000,2024-10-10,Egyption and site in egypt,Hybrid,Part Time,Alexandria,EGP
2025-07-17 10:52:50,Project Manager,15,60000,2025-07-17,Egyption and site in egypt,Hybrid,Full Time,Cairo,EGP
2025-07-17 10:58:12,Structural Steel detailer,4,15000,1997-04-04,Egyption and site in egypt,On Site,Full Time,Alexandria,EGP
2025-07-17 11:06:04,Frontend web developer,1,15000,2025-07-15,Not Egyption and site out of egypt,Remote,Full Time,Montreal,EGP
2025-07-17 11:16:59,Software Engineer (.NET stack),2,1300,2025-07-17,Not Egyption and site out of egypt,Remote,Full Time,USA,USD
2025-07-17 11:39:40,Junior data scientist,1,23000,2025-03-15,Egyption and site in egypt,Hybrid,Full Time,Cairo,EGP
2025-07-17 11:59:01,DevOps Infrastructure,2,62000,2025-07-28,Egyption and site in egypt,Hybrid,Full Time,Cairo,EGP
2025-07-18 12:03:18,Dotnet Developer,3,25000,2025-01-01,Egyption and site in egypt,Hybrid,Full Time,Cairo,EGP
2025-07-18 12:11:32,Software tester,6,60000,2025-03-01,Egyption and site in egypt,Hybrid,Full Time,Cairo,EGP
2025-07-18 12:42:36,Web Scraping Specialist,5,1500,2023-03-15,Not Egyption and site out of egypt,Hybrid,Full Time,Kuwait ,USD
2025-07-18 12:53:11,DevOps Engineer,4,1500,2025-06-30,Not Egyption but site in egypt,Hybrid,Full Time,Cairo,USD
2025-07-18 12:54:54,BI analyst,2,27000,2025-07-18,Egyption and site in egypt,Hybrid,Full Time,Cairo,EGP
2025-07-18 01:04:48,Resident engineer telecom company,8,94000,2025-07-01,Egyption and site in egypt,Hybrid,Part Time,Cairo,EGP
2025-07-18 01:09:53,Backend Engineer,5,2200,2025-08-07,Not Egyption and site out of egypt,Remote,Full Time,Riyadh,USD
2025-07-18 01:17:55,Senior Data Engineer,3,57000,2025-07-18,Egyption and site in egypt,Hybrid,Full Time,Cairo,EGP
2025-07-18 01:19:02,Senior Penetration Tester,3,60,2025-07-01,Not Egyption but site in egypt,Hybrid,Full Time,Cairo,EGP
2025-07-18 01:30:25,Devops engineer,1,16500,2025-07-25,Egyption and site in egypt,On Site,Full Time,Alexandria,EGP
2025-07-18 01:53:18,full Stack Developer,2,4000,2025-07-17,Not Egyption and site out of egypt,On Site,Full Time,rabat,EGP
2025-07-18 02:18:41,Senuor java fullstack,10,120000,2025-06-01,Egyption and site in egypt,Hybrid,Full Time,Cairo,EGP
2025-07-18 02:20:14,Senior java fullstack,10,120000,2025-06-01,Egyption and site in egypt,Hybrid,Full Time,Cairo,EGP
2025-07-18 02:34:44,Senior Software Engineer,4,85000,2025-07-18,Egyption and site in egypt,Remote,Full Time,Cairo,EGP
2025-07-18 02:59:27,UX intern,1,5000,2025-07-01,Not Egyption but site in egypt,Hybrid,Full Time,Cairo,EGP
2025-07-18 03:05:37,Telecom Engineer,2,12000,2025-01-31,Egyption and site in egypt,On Site,Full Time,Cairo,EGP
2025-07-18 06:10:03,Demand planner - Retail,2,28000,2025-06-01,Egyption and site in egypt,Hybrid,Full Time,Cairo,EGP
2025-07-18 06:28:45,Industrial Automation Engineer (Oil&gas) sector,2,47500,2025-06-30,Egyption and site in egypt,On Site,Full Time,Cairo,EGP
2025-07-18 06:47:56,Software Test Engineer,2,35000,2025-08-01,Not Egyption but site in egypt,Hybrid,Full Time,Cairo,EGP
2025-07-18 07:48:51,Java and Angular Fullstack Developer,3,65000,2025-07-01,Not Egyption but site in egypt,Hybrid,Full Time,Cairo,EGP
2025-07-18 09:11:55,BI Analyst,4,23000,2025-07-28,Not Egyption but site in egypt,Remote,Full Time,Cairo,EGP
2025-07-18 09:17:46,JAVA developer,3,55000,2025-07-18,Not Egyption but site in egypt,Hybrid,Full Time,Multi Site,EGP
2025-07-18 10:16:44,Android,2,25,2025-07-18,Egyption and site in egypt,Hybrid,Full Time,Cairo,EGP
2025-07-18 10:51:52,Data analytics Consultant,4,50000,2025-01-01,Not Egyption but site in egypt,Hybrid,Full Time,Multi Site,EGP
2025-07-18 11:16:35,. Net developer,1,13000,2025-07-18,Egyption and site in egypt,On Site,Full Time,Cairo,EGP
2025-07-18 11:50:17,Senior backend developer,3,50000,2025-07-18,Egyption and site in egypt,Hybrid,Full Time,Cairo,EGP
2025-07-18 12:13:19,Laravel Developer,1,20000,2025-07-20,Egyption and site in egypt,Remote,Full Time,Riyadh,EGP
2025-07-18 12:36:20,Data Analyst,3,32000,2025-01-01,Egyption and site in egypt,Hybrid,Full Time,Cairo,EGP
2025-07-18 12:49:28,Software Engineer,5,100000,2025-07-25,Not Egyption but site in egypt,Hybrid,Full Time,Cairo,EGP
2025-07-18 12:54:33,CTO,18,3800,2025-07-18,Not Egyption but site in egypt,On Site,Full Time,Cairo,EUR
2025-07-18 01:07:24,Full stack Java and React,4,2900,2025-05-05,Not Egyption and site out of egypt,Remote,Full Time,Berlin,EUR
2025-07-18 01:44:06,UX/UI Designer,2,8000,2025-05-31,Egyption and site in egypt,On Site,Full Time,Cairo,EGP
2025-07-18 02:02:47,DevOps Engineer,2,60000,2025-04-01,Egyption and site in egypt,Hybrid,Full Time,Cairo,EGP
2025-07-18 02:06:57,Android developer,6,65,2025-05-01,Not Egyption but site in egypt,Hybrid,Full Time,Alexandria,EGP
2025-07-18 02:23:13,Backend Engineer,2,45000,2025-01-01,Egyption and site in egypt,On Site,Full Time,Giza,EGP
2025-07-18 02:49:58,Software Engineer,0,2500,2025-07-18,Not Egyption and site out of egypt,Remote,Full Time,USA,USD
2025-07-18 03:19:55,Presales,0,6000,2025-07-18,Egyption and site in egypt,On Site,Full Time,Cairo,EGP
2025-07-18 03:24:58,FullStack .NET Developer,0,15,2025-06-15,Egyption and site in egypt,On Site,Full Time,Cairo,EGP
2025-07-18 03:43:49,Senior software engineer,6,4000,2023-08-01,Not Egyption and site out of egypt,Remote,Full Time,Zurich,EUR
2025-07-18 04:21:05,Data Scientist,3,81000,2025-01-01,Not Egyption but site in egypt,Hybrid,Full Time,Cairo,EGP
2025-07-18 04:33:49,Supervisor Telesales,7,12000,2025-07-18,Egyption and site in egypt,On Site,Full Time,Cairo,EGP
2025-07-18 04:37:24,Senior Flutter Developer,5,1500,2025-06-01,Not Egyption and site out of egypt,Remote,Full Time,USA,USD
2025-07-18 05:13:00,Data analyst purchasing,2,42000,2025-07-16,Not Egyption but site in egypt,Hybrid,Full Time,Zurich,EGP
2025-07-18 05:19:51,Data Analyst,1,15000,2025-08-01,Egyption and site in egypt,On Site,Full Time,Cairo,EGP
2025-07-18 05:22:48,Maintenance planning engineer,0,12000,2025-07-18,Not Egyption but site in egypt,On Site,Full Time,Cairo,EGP
2025-07-18 05:26:36,Technical Support Manager,4,24150,2025-01-01,Not Egyption but site in egypt,On Site,Full Time,Shiekh zayed,EGP
2025-07-18 05:52:27,Sr. Frontend developer,4,950,2025-01-01,Not Egyption but site in egypt,Remote,Full Time,Cairo,USD
2025-07-18 06:03:27,Java developer,1,18000,2025-07-18,Egyption and site in egypt,Remote,Full Time,Alexandria,EGP
2025-07-18 06:13:39,Full stack Engineer,2,500,2024-08-01,Egyption and site in egypt,On Site,Full Time,Alexandria,USD
2025-07-18 06:27:35,AI Engineer,4,1150,2025-01-01,Not Egyption but site in egypt,On Site,Full Time,Giza,EGP
2025-07-18 06:32:39,AI Engineer,4,57000,2025-01-01,Not Egyption but site in egypt,On Site,Full Time,Giza,EGP
2025-07-18 06:35:17,Software QC Engineer,1,25000,2025-07-29,Not Egyption but site in egypt,Hybrid,Full Time,Cairo,EGP
2025-07-18 06:36:01,Software Testing Engineer,1,9000,2025-07-01,Not Egyption but site in egypt,Hybrid,Part Time,Cairo,EGP
2025-07-18 07:16:26,Full stack.net developer,3,25,2025-05-01,Egyption and site in egypt,Hybrid,Full Time,Cairo,EGP
2025-07-18 07:56:37,Flutter Dev,1,15000,2025-07-18,Not Egyption and site out of egypt,Remote,Full Time,London,EGP
2025-07-18 08:07:45,Data Scientist,3,30000,2025-07-18,Egyption and site in egypt,On Site,Full Time,Cairo,EGP
2025-07-18 08:16:31,Accountant,2,11,2025-06-25,Egyption and site in egypt,On Site,Full Time,Cairo,EGP
2025-07-18 10:14:44,Automotive Embedded Software Test Engineer,4,75000,2025-06-26,Not Egyption but site in egypt,Hybrid,Full Time,Cairo,EGP
2025-07-18 10:19:51,Full stack software engineer,3,42,2025-01-30,Egyption and site in egypt,Remote,Full Time,Cairo,EGP
2025-07-18 10:29:38,Android Developer,1,25,2025-07-18,Egyption and site in egypt,Hybrid,Full Time,Cairo,EGP
2025-07-18 10:46:49,Frontend developer React Nextjs,3,1000,2025-07-18,Not Egyption and site out of egypt,Remote,Full Time,Dubai,USD
2025-07-18 10:47:57,Frontend developer React,3,15000,2025-07-18,Not Egyption and site out of egypt,Remote,Part Time,Amman,EGP
2025-07-18 11:06:59,Data Engineer,3,100000,2025-01-23,Not Egyption but site in egypt,Hybrid,Full Time,Cairo,EGP
2025-07-18 11:44:16,Frontend Developer,2,24000,2024-08-20,Not Egyption and site out of egypt,Remote,Full Time,Dubai,EGP
2025-07-18 11:49:43,Senior DevOps Engineer,2,60000,2025-08-01,Egyption and site in egypt,Hybrid,Full Time,Cairo,EGP
2025-07-19 12:05:30,RnD computer vision engineer,2,17250,2025-07-19,Egyption and site in egypt,Remote,Part Time,Cairo,EGP
2025-07-19 12:08:36,IT Technical help desk support,2,10,2025-04-01,Not Egyption but site in egypt,On Site,Full Time,Cairo,EGP
2025-07-19 12:28:06,Surveying engineer,2,6900,2025-06-25,Egyption and site in egypt,On Site,Full Time,Cairo,EGP
2025-07-19 12:33:41,NLP R&D engineer,1,35000,2025-07-19,Egyption and site in egypt,On Site,Full Time,Alexandria,EGP
2025-07-19 12:34:15,React Native developer,1,12000,2025-08-01,Egyption and site in egypt,On Site,Full Time,Cairo,EGP
2025-07-19 12:39:15,Frontend developer React,1,8000,2025-07-01,Egyption and site in egypt,Remote,Part Time,Cairo,EGP
2025-07-19 12:48:39,Software Engineer,1,17000,2025-07-19,Egyption and site in egypt,On Site,Full Time,Cairo,EGP
2025-07-19 02:30:40,Soc analyst t 1,3,30,2025-01-01,Egyption and site in egypt,Hybrid,Full Time,Cairo,EGP
2025-07-19 04:29:45,Node.js developer,1,6000,2024-11-10,Egyption and site in egypt,Remote,Full Time,Alexandria,EGP
2025-07-19 04:58:48,"Senior MLOps, Senior AI",5,80000,2025-06-24,Not Egyption but site in egypt,Hybrid,Full Time,Cairo,EGP
2025-07-19 07:30:48,Software Development and Cybersecurity Specialist,1,40000,2025-07-19,Egyption and site in egypt,Remote,Full Time,Cairo,EGP
2025-07-19 07:39:44,Backend Developer PHP/Laravel,2,13500,2025-07-01,Egyption and site in egypt,Hybrid,Full Time,Cairo,EGP
2025-07-19 08:15:32,Fullstack .net developer,0,21000,2025-07-31,Not Egyption but site in egypt,Hybrid,Full Time,Cairo,EGP
2025-07-19 08:55:32,Senior SOC Analyst,5,65,2025-07-19,Egyption and site in egypt,On Site,Full Time,Cairo,EGP
2025-07-19 09:33:11,C++ software engineer,2,27750,2025-07-01,Egyption and site in egypt,Remote,Full Time,Cairo,EGP
2025-07-19 09:41:31,.net developer,3,20,2025-06-22,Egyption and site in egypt,Hybrid,Full Time,Cairo,EGP
2025-07-19 10:04:07,Software Engineer,2,12000,2025-07-19,Egyption and site in egypt,On Site,Full Time,Cairo,EGP
2025-07-19 10:57:16,QA Intern,0,350,2025-07-19,Not Egyption but site in egypt,Hybrid,Full Time,Cairo,USD
2025-07-19 11:26:37,Front end developer,3,50000,2025-01-01,Egyption and site in egypt,Hybrid,Full Time,Cairo,EGP
2025-07-19 12:35:35,PHP Deveoper,3,30000,2025-02-18,Not Egyption and site out of egypt,Remote,Part Time,Riyadh,EGP
2025-07-19 01:31:49,Infrastructure Manager,10,45000,2025-07-15,Not Egyption but site in egypt,On Site,Full Time,Alexandria,EGP
2025-07-19 02:11:16,react js developer,3,55,2024-11-01,Not Egyption but site in egypt,Hybrid,Full Time,Cairo,EGP
2025-07-19 02:11:48,Product Manager,3,55000,2025-06-27,Egyption and site in egypt,On Site,Full Time,Cairo,EGP
2025-07-19 02:32:42,Android Developer,3,40000,2025-01-01,Not Egyption but site in egypt,Hybrid,Full Time,Cairo,EGP
2025-07-19 03:14:40,Frontend Developer,6,24000,2025-05-01,Not Egyption but site in egypt,Remote,Full Time,Riyadh,EGP
2025-07-19 03:46:21,PHP Deveoper,6,45000,2025-01-01,Egyption and site in egypt,Remote,Full Time,Cairo,EGP
2025-07-19 04:14:33,Node.js developer,3,100000,2024-05-01,Not Egyption but site in egypt,Hybrid,Full Time,Cairo,EGP
2025-07-19 04:30:57,Full stack web developer,4,30,2025-07-19,Egyption and site in egypt,On Site,Full Time,Cairo,EGP
2025-07-19 04:53:20,Senior FrontEnd (React and React Native),6,1200,2025-06-15,Not Egyption but site in egypt,Hybrid,Full Time,Riyadh,USD
2025-07-19 05:09:20,PHP Deveoper,2,11000,2025-07-01,Egyption and site in egypt,On Site,Full Time,Giza,EGP
2025-07-19 05:17:36,Data engineer,2,37000,2025-07-19,Egyption and site in egypt,Hybrid,Full Time,Cairo,EGP
2025-07-19 05:46:29,Senior Software Engineer,3,45000,2025-08-01,Egyption and site in egypt,Hybrid,Full Time,6th of October,EGP
2025-07-19 06:43:16,Dot net developei,8,2000,2025-03-23,Not Egyption and site out of egypt,Remote,Full Time,Riyadh,USD
2025-07-19 06:48:56,Software Engineer,1,25000,2025-06-30,Not Egyption but site in egypt,Remote,Full Time,Cairo,EGP
2025-07-19 06:57:48,Frontend Developer,1,12000,2025-07-09,Egyption and site in egypt,Remote,Full Time,Else,EGP
2025-07-19 07:36:01,Mid-Level DevOps Engineer,3,25,2025-07-26,Egyption and site in egypt,Remote,Full Time,Alexandria,EGP
2025-07-19 07:39:39,Backend developer (django+nestjs),2,200,2025-07-19,Egyption and site in egypt,Remote,Full Time,Cairo,USD
2025-07-19 07:42:03,Data Scientist,4,95000,2025-07-19,Not Egyption and site out of egypt,Hybrid,Full Time,Riyadh,EGP
2025-07-19 08:42:41,Clinical engineer,1,5000,2024-07-21,Egyption and site in egypt,On Site,Full Time,Cairo,EGP
2025-07-19 09:16:30,Senior Frontend Developer,6,100000,2025-07-10,Not Egyption but site in egypt,Remote,Full Time,Cairo,EGP
2025-07-19 09:58:29,Electrical Maintenance Engineer,5,18000,2025-07-19,Egyption and site in egypt,On Site,Full Time,10th of Ramadan,EGP
2025-07-19 10:38:17,Senior .net developer,5,100000,2025-01-01,Egyption and site in egypt,Remote,Full Time,Cairo,EGP
2025-07-20 12:13:17,Senior Front-End,5,1200,2024-12-20,Egyption and site in egypt,Remote,Full Time,Riyadh,USD
2025-07-20 12:31:46,Software engineer(backend),8,174000,2025-01-20,Not Egyption and site out of egypt,On Site,Full Time,Amman,EGP
2025-07-20 12:55:19,Software engineer machine learning,0,25000,2025-07-20,Not Egyption but site in egypt,Hybrid,Full Time,Cairo,EGP
2025-07-20 05:24:09,Senior Data Analyst,6,1470,2025-07-25,Not Egyption but site in egypt,Remote,Full Time,Riyadh,USD
2025-07-20 05:27:28,Senior Software Engineer,10,105000,2025-07-20,Not Egyption but site in egypt,Hybrid,Full Time,Cairo,EGP
2025-07-20 09:18:48,Broadcast engineer,0,12000,2025-07-20,Egyption and site in egypt,On Site,Full Time,Cairo,EGP
2025-07-20 10:17:58,Operation Analyst,1,15000,2025-07-20,Egyption and site in egypt,On Site,Full Time,Cairo,EGP
2025-07-20 11:53:25,Senior C++ Engineer,8,140000,2023-03-01,Not Egyption but site in egypt,Hybrid,Full Time,Cairo,EGP
2025-07-20 12:14:15,Frontend Developer,5,1550,2025-07-29,Not Egyption but site in egypt,Remote,Full Time,Cairo,EGP
2025-07-20 03:26:30,Junior data analyst,1,6000,2025-01-01,Egyption and site in egypt,Hybrid,Full Time,Cairo,EGP
2025-07-20 06:39:45,Fullstack developer,3,20000,2025-06-30,Egyption and site in egypt,Hybrid,Full Time,Cairo,EGP
2025-07-20 07:30:01,Python Dev,3,1000,2025-07-01,Not Egyption and site out of egypt,Remote,Full Time,Riyadh,USD
2025-07-20 09:28:38,Backend Developer,2,18000,2025-06-01,Egyption and site in egypt,Hybrid,Full Time,Cairo,EGP
2025-07-20 09:38:32,Data modeler,2,35,2025-07-20,Egyption and site in egypt,Hybrid,Full Time,Cairo,EGP
2025-07-20 10:02:04,Data Analyst,2,35000,2025-04-15,Not Egyption but site in egypt,Hybrid,Full Time,Cairo,EGP
2025-07-21 12:01:05,Backend developer,1,20000,2025-07-21,Egyption and site in egypt,Hybrid,Full Time,Giza,EGP
2025-07-21 12:35:24,sap abap developer,1,30000,2025-07-25,Not Egyption but site in egypt,Hybrid,Full Time,6th of October,EGP
2025-07-21 02:52:14,Data Analyst,1,10000,2025-07-21,Not Egyption but site in egypt,Hybrid,Full Time,California,EGP
2025-07-21 03:14:48,Operational analyst,1,17000,2025-05-15,Egyption and site in egypt,Hybrid,Full Time,Cairo,EGP
2025-07-21 06:27:20,Network engineer,5,55000,2025-07-28,Egyption and site in egypt,Hybrid,Full Time,Cairo,EGP
2025-07-21 07:00:24,Senior DevOps,1,35000,2025-01-01,Egyption and site in egypt,On Site,Full Time,Cairo,EGP
2025-07-21 07:18:41,Ai RnD Engineer,0,4000,2025-07-21,Not Egyption but site in egypt,On Site,Full Time,Cairo,EGP
2025-07-21 08:41:11,Flutter Developer,3,10000,2025-06-01,Egyption and site in egypt,Remote,Full Time,Cairo,EGP
2025-07-21 09:26:45,Associate android software engineer,1,30000,2025-07-21,Egyption and site in egypt,Hybrid,Full Time,Cairo,EGP
2025-07-21 09:27:10,Android Developer Trainee,0,6000,2025-07-21,Egyption and site in egypt,Hybrid,Full Time,Cairo,EGP
2025-07-21 09:28:29,Flutter Developer,2,12000,2025-07-21,Egyption and site in egypt,Hybrid,Full Time,Alexandria,EGP
2025-07-21 10:22:06,Golang developer,2,18,2025-07-21,Egyption and site in egypt,On Site,Full Time,Shorouk,EGP
2025-07-21 10:41:39,.Net Developer,2,35,2025-05-22,Egyption and site in egypt,Hybrid,Full Time,Giza,EGP
2025-07-21 11:04:17,C# & Go Developer,9,40,2025-06-01,Egyption and site in egypt,On Site,Full Time,Cairo,EGP
2025-07-21 11:06:06,C# & Go Developer,9,40000,2025-06-01,Egyption and site in egypt,On Site,Full Time,Cairo,EGP
2025-07-22 01:51:39,Cloud administrator,3,28000,2025-01-01,Egyption and site in egypt,Hybrid,Full Time,Cairo,EGP
2025-07-22 02:27:26,.net developer,1,17,2025-07-16,Egyption and site in egypt,Hybrid,Full Time,Cairo,EGP
2025-07-22 04:35:39,Senior Flutter developer,5,2000,2025-07-22,Egyption and site in egypt,Hybrid,Full Time,Cairo,USD
2025-07-22 07:14:23,Flutter Developer,1,8,2025-07-22,Egyption and site in egypt,On Site,Full Time,Cairo,EGP
2025-07-22 08:28:29,Flutter Developer,2,20000,2025-07-22,Egyption and site in egypt,Remote,Full Time,Cairo,EGP
2025-07-22 09:11:19,Business Developer,4,8000,2025-05-13,Egyption and site in egypt,On Site,Full Time,Alexandria,EGP
2025-07-22 09:22:14,AMS Layout Design Engineer,0,1000,2025-07-22,Egyption and site in egypt,Hybrid,Full Time,Cairo,USD
2025-07-22 10:08:48,Senior Project manager,10,105000,2025-07-01,Not Egyption but site in egypt,Hybrid,Full Time,Cairo,EGP
2025-07-22 10:27:22,Data Analyst,0,16000,2025-07-22,Egyption and site in egypt,Hybrid,Full Time,Cairo,EGP
2025-07-22 11:41:47,NLP Engineer,6,1650,2025-07-30,Not Egyption but site in egypt,Hybrid,Full Time,Cairo,USD
2025-07-22 11:53:45,Sr. UI/UX designer | Product designer,5,1100,2025-07-22,Egyption and site in egypt,Remote,Full Time,Cairo,EGP
2025-07-22 04:10:04,BI & Data Engineer Specialist,6,50,2025-01-01,Egyption and site in egypt,Remote,Full Time,Cairo,EGP
2025-07-22 04:19:36,Data Engineer,5,40000,2025-04-01,Egyption and site in egypt,Remote,Full Time,Cairo,EGP
2025-07-22 04:45:16,iOS developer,1,25000,2025-07-01,Egyption and site in egypt,Hybrid,Full Time,Cairo,EGP
2025-07-22 06:05:29,Senior Java Developer,5,85000,2025-07-01,Egyption and site in egypt,Hybrid,Full Time,Cairo,EGP
2025-07-22 09:57:05,Flutter,2,25,2025-07-22,Not Egyption and site out of egypt,Remote,Full Time,Riyadh,EGP
2025-07-23 02:31:10,Flutter Developer,2,22000,2025-01-01,Egyption and site in egypt,On Site,Full Time,Cairo,EGP
2025-07-23 05:48:16,. Net Developer,2,400,2025-07-07,Not Egyption and site out of egypt,Remote,Full Time,Riyadh,USD
2025-07-23 10:27:47,Software quality control,2,20000,2025-06-01,Egyption and site in egypt,Remote,Full Time,Cairo,EGP
2025-07-23 10:31:58,Senior PHP Developer,5,45000,2025-07-01,Not Egyption but site in egypt,On Site,Full Time,Cairo,EGP
2025-07-23 10:33:22,PHP Developer,4,25000,2025-07-23,Egyption and site in egypt,On Site,Full Time,Cairo,EGP
2025-07-24 01:35:21,Flutter Developer,2,10000,2025-04-01,Egyption and site in egypt,Remote,Full Time,Cairo,EGP
2025-07-24 02:26:22,Quality assurance officer,0,6500,2025-07-24,Egyption and site in egypt,Remote,Full Time,Alexandria,EGP
2025-07-24 05:23:01,.net Developer,2,25000,2025-07-31,Egyption and site in egypt,On Site,Full Time,Cairo,EGP
2025-07-24 05:55:11,Front end developer react,1,8000,2024-12-10,Egyption and site in egypt,Hybrid,Part Time,Cairo,EGP
2025-07-24 06:20:12,UI UX Designer,1,6000,2025-03-01,Egyption and site in egypt,On Site,Full Time,Mansoura,EGP
2025-07-24 06:49:49,Frontend,1,15000,2025-01-25,Not Egyption but site in egypt,On Site,Full Time,Cairo,EGP
2025-07-24 06:54:30,Laravel,1,12000,2024-12-08,Egyption and site in egypt,On Site,Full Time,Cairo,EGP
2025-07-24 07:07:36,Frontend React Developer,1,15000,2025-07-24,Egyption and site in egypt,On Site,Full Time,Cairo,EGP
2025-07-24 07:48:04,Node js developer,1,10000,2025-04-16,Egyption and site in egypt,On Site,Full Time,Cairo,EGP
2025-07-24 08:40:22,Front end developer,0,7500,2025-07-24,Egyption and site in egypt,Hybrid,Full Time,Cairo,EGP
2025-07-24 08:49:46,Front end developer,0,15000,2025-07-24,Egyption and site in egypt,Hybrid,Full Time,Cairo,EGP
2025-07-25 12:57:11,Front end,1,10000,2025-07-25,Egyption and site in egypt,Hybrid,Part Time,Alexandria,EGP
2025-07-25 03:55:51,Senior front end,6,1600,2025-07-25,Not Egyption but site in egypt,On Site,Full Time,Cairo,USD
2025-07-25 04:36:24,Php developer,3,15000,2025-07-08,Egyption and site in egypt,On Site,Full Time,Cairo,EGP
2025-07-25 09:48:41,Fullstack developer (.net/angular),3,1000,2023-04-01,Not Egyption but site in egypt,Hybrid,Full Time,Cairo,EGP
2025-07-25 02:41:54,It system administrator,6,14000,2025-07-25,Egyption and site in egypt,On Site,Full Time,Cairo,EGP
2025-07-25 04:55:12,DevOps engineer,1,25000,2025-06-01,Egyption and site in egypt,Hybrid,Full Time,Cairo,EGP
2025-07-25 05:22:28,Software Engineer,3,80000,2025-01-01,Not Egyption but site in egypt,Hybrid,Full Time,Cairo,EGP
2025-07-25 09:13:51,Data Admin,3,34,2025-07-25,Egyption and site in egypt,Hybrid,Full Time,Cairo,EGP
2025-07-26 05:08:56,Frontend developer III,2,40000,2024-10-27,Egyption and site in egypt,Hybrid,Full Time,Cairo,EGP
2025-07-26 05:58:51,Computer Vision Engineer,1,18000,2025-07-26,Egyption and site in egypt,On Site,Full Time,Cairo,EGP
2025-07-26 10:55:53,Billing Analyst,6,24400,2025-07-27,Not Egyption but site in egypt,Hybrid,Full Time,Multi Site,EGP
2025-07-27 12:56:48,Flutter Developer,0,10000,2025-07-27,Egyption and site in egypt,On Site,Full Time,Cairo,EGP
2025-07-28 04:49:45,Operations team leader in BPO call centre,2,22000,2025-07-30,Not Egyption but site in egypt,On Site,Full Time,Cairo,EGP
2025-07-28 08:23:15,Advanced Services Engineer,3,30,2025-08-23,Not Egyption but site in egypt,On Site,Full Time,Cairo,EGP
2025-07-28 08:59:31,Senior embedded software engineer,7,75000,2025-06-28,Egyption and site in egypt,Hybrid,Full Time,Cairo,EGP
2025-07-28 09:23:51,Senior CRM developer,4,40000,2025-07-28,Egyption and site in egypt,Remote,Full Time,Cairo,EGP
2025-07-28 10:55:50,Oracle developer,4,50000,2025-01-01,Egyption and site in egypt,On Site,Full Time,6th of October,EGP
2025-07-28 12:03:16,Application Support Specialist,2,14500,2025-07-28,Egyption and site in egypt,On Site,Full Time,Cairo,EGP
2025-07-28 03:35:58,Java Developer,2,70000,2025-07-28,Not Egyption but site in egypt,Hybrid,Full Time,Cairo,EGP
2025-07-28 08:20:02,Software engineer (full stack),4,95000,2025-07-25,Not Egyption but site in egypt,Hybrid,Full Time,Cairo,EGP
2025-07-28 10:50:38,Microsoft Dynamics CRM Team lead,10,33000,2025-08-01,Not Egyption and site out of egypt,On Site,Full Time,Abu Dhabi,AED
2025-07-29 06:37:32,Seniro Software Engineer,10,40000,2025-07-29,Not Egyption but site in egypt,On Site,Full Time,Cairo,EGP
2025-07-29 08:15:44,Senior .Net Backend Engineer,15,90000,2025-07-27,Not Egyption but site in egypt,On Site,Full Time,Cairo,EGP
2025-07-30 03:09:29,Embedded Software Engineer,0,15800,2025-02-01,Egyption and site in egypt,Hybrid,Full Time,Cairo,EGP
2025-07-30 02:22:07,Backend developer,1,36000,2025-07-28,Egyption and site in egypt,Hybrid,Full Time,Cairo,EGP
2025-07-31 01:09:50,Backend engineer node.js,2,20000,2025-03-02,Egyption and site in egypt,Hybrid,Full Time,Cairo,EGP
2025-07-31 02:31:24,Senior .net developer,5,64000,2025-07-28,Egyption and site in egypt,Hybrid,Full Time,Cairo,EGP
2025-08-01 05:36:23,Mid-level .NET Developer,3,38770,2025-07-24,Not Egyption but site in egypt,Hybrid,Full Time,Cairo,EGP
2025-08-01 11:10:55,.Net Deveoper,2,20000,2025-01-01,Not Egyption and site out of egypt,Remote,Full Time,Riyadh,EGP
2025-08-01 11:15:22,Java developer,1,27000,2025-08-01,Egyption and site in egypt,Hybrid,Full Time,Giza,EGP
2025-08-01 04:28:18,Java developer,5,1200,2025-08-01,Not Egyption but site in egypt,Remote,Full Time,Riyadh,USD
2025-08-01 08:22:54,Data engineer,0,15000,2025-07-01,Egyption and site in egypt,Hybrid,Full Time,Cairo,EGP
2025-08-01 08:33:51,Senior fullstack developer,2,6000,2025-08-28,Egyption and site in egypt,Hybrid,Full Time,Cairo,EGP
2025-08-01 11:36:19,Biomedical Engineer,3,23000,2025-08-01,Not Egyption but site in egypt,On Site,Full Time,Cairo,EGP
2025-08-01 11:48:55,.NET Developer,2,8000,2025-07-01,Egyption and site in egypt,Hybrid,Full Time,Cairo,EGP
2025-08-02 02:55:21,graphic designer,1,3500,2025-08-02,Else,Hybrid,Part Time,Alexandria,EGP
2025-08-02 04:49:12,Back End Engineer php laravel,3,24200,2025-08-02,Not Egyption but site in egypt,On Site,Full Time,Cairo,EGP
2025-08-02 01:01:03,Frontend Software Engineer,0,500,2025-06-11,Not Egyption and site out of egypt,Remote,Full Time,Amman,USD
2025-08-02 01:02:00,Frontend React Developer,0,15000,2025-03-01,Egyption and site in egypt,Remote,Full Time,6th of October,EGP
2025-08-02 05:09:23,Cost Control Engineer,4,28500,2025-07-31,Egyption and site in egypt,On Site,Full Time,Cairo,EGP
2025-08-02 06:15:53,Software developer(.net),2,21000,2025-05-01,Egyption and site in egypt,Hybrid,Full Time,Cairo,EGP
2025-08-02 08:13:38,Senior MLOps,6,85000,2025-07-22,Not Egyption but site in egypt,Hybrid,Full Time,Cairo,EGP
2025-08-03 12:38:04,Fullstack developer,0,12,2025-08-03,Egyption and site in egypt,On Site,Full Time,Cairo,EGP
2025-08-03 01:28:58,Bioinformatics Engineer,3,13000,2025-08-02,Not Egyption but site in egypt,Hybrid,Full Time,Cairo,EGP
2025-08-03 08:24:24,.NET Developer,1,12000,2025-08-03,Egyption and site in egypt,Hybrid,Full Time,Cairo,EGP
2025-08-03 09:05:54,Data engineer,3,55000,2025-07-25,Not Egyption but site in egypt,Hybrid,Full Time,Cairo,EGP
2025-08-03 09:49:55,ML Engineer,0,21000,2025-08-03,Egyption and site in egypt,Hybrid,Full Time,Cairo,EGP
2025-08-03 12:22:11,software test engineer,2,18000,2025-08-01,Not Egyption but site in egypt,On Site,Full Time,Cairo,EGP
2025-08-03 01:42:08,Data engineer,2,40000,2025-08-03,Not Egyption but site in egypt,Hybrid,Full Time,Cairo,EGP
2025-08-03 02:46:43,Back end,2,25000,2024-08-03,Egyption and site in egypt,Hybrid,Full Time,Cairo,EGP
2025-08-03 03:27:16,Flutter Developer,5,50,2025-01-03,Egyption and site in egypt,Hybrid,Full Time,Cairo,EGP
2025-08-03 06:48:23,Technical support,0,50000,2025-07-01,Egyption and site in egypt,Hybrid,Full Time,Cairo,EGP
2025-08-04 07:57:48,Civil estimation engineer,10,42000,2025-07-30,Egyption and site in egypt,On Site,Full Time,Cairo,EGP
2025-08-04 11:08:55,QC team leader,4,75000,2025-01-01,Not Egyption but site in egypt,Hybrid,Full Time,Riyadh,EGP
2025-08-04 03:25:02,Scrum Master,1,15000,2025-06-15,Egyption and site in egypt,Hybrid,Full Time,Cairo,EGP
2025-08-04 04:15:15,.Net Developer,0,12000,2024-10-10,Not Egyption but site in egypt,On Site,Full Time,Cairo,EGP
2025-08-04 11:03:30,Data analyst,3,80000,2025-02-01,Not Egyption but site in egypt,Remote,Full Time,Dubai,EGP
2025-08-05 12:33:32,Android developer,2,25,2025-08-05,Egyption and site in egypt,Hybrid,Full Time,Cairo,EGP
2025-08-05 05:17:51,Android Developer,1,30000,2025-08-05,Egyption and site in egypt,Hybrid,Full Time,Giza,EGP
2025-08-05 06:20:26,flutter developer,1,300,2025-08-05,Not Egyption but site in egypt,Remote,Full Time,Cairo,USD
2025-08-05 03:16:45,Accountant,1,7000,2025-08-05,Egyption and site in egypt,On Site,Full Time,6th of October,EGP
2025-08-05 07:31:24,Embedded SW Engineer,3,1550,2025-07-01,Egyption and site in egypt,Hybrid,Full Time,Cairo,USD
2025-08-06 03:44:02,Digital Design,8,2500,2025-08-06,Egyption and site in egypt,Hybrid,Full Time,Cairo,USD
2025-08-06 04:28:35,Front-End Developer (native),2,12000,2024-07-01,Egyption and site in egypt,Remote,Full Time,Cairo,EGP
2025-08-06 08:56:26,Backend engineer,4,80000,2025-03-05,Egyption and site in egypt,Hybrid,Part Time,Cairo,EGP
2025-08-07 04:00:41,Integration Engineer (Java),0,10000,2025-03-01,Egyption and site in egypt,Hybrid,Full Time,Else,EGP
2025-08-07 04:43:41,Wordpress developer,5,3000,2025-08-07,Egyption and site in egypt,Remote,Part Time,Cairo,USD
2025-08-07 05:19:37,Group Product Manager,9,5600,2025-08-01,Not Egyption but site in egypt,Remote,Full Time,Cairo,USD
2025-08-07 05:25:39,Senior full stack engineer,7,60000,2025-03-01,Not Egyption but site in egypt,On Site,Full Time,Cairo,EGP
2025-08-07 05:34:57,Business developer,2,11000,2025-08-07,Egyption and site in egypt,Remote,Full Time,Cairo,EGP
2025-08-07 06:14:25,Teaching Assistant,2,16000,2025-08-01,Egyption and site in egypt,On Site,Full Time,Cairo,EGP
2025-08-07 06:39:48,Mid-Level Software Engineer (Django/Python),4,22000,2024-01-01,Egyption and site in egypt,Hybrid,Full Time,Cairo,EGP
2025-08-07 06:46:26,Django Developer,4,23000,2023-11-01,Egyption and site in egypt,Hybrid,Full Time,Cairo,EGP
2025-08-07 07:37:10,Unity game developer,1,10000,2025-07-28,Not Egyption and site out of egypt,Remote,Full Time,Amman,EGP
2025-08-07 07:39:16,Unreal developer (Game Developer),0,500,2025-08-01,Not Egyption and site out of egypt,Remote,Full Time,Dubai,USD
2025-08-07 10:13:00,Backend Developer,4,2300,2025-08-01,Not Egyption and site out of egypt,Remote,Full Time,Baghdad,USD
2025-08-07 10:52:31,PHP | Laravel Backend Developer,2,600,2025-06-01,Not Egyption and site out of egypt,Remote,Full Time,Dubai,USD
2025-08-08 12:49:57,Retail Analyst,1,8800,2024-08-30,Egyption and site in egypt,Remote,Part Time,Cairo,EGP
2025-08-08 12:55:35,Fullstack,2,600,2025-08-08,Not Egyption and site out of egypt,Remote,Full Time,Dubai,USD
2025-08-08 01:11:16,BI Development Team Leader,5,58000,2025-01-01,Egyption and site in egypt,On Site,Full Time,Cairo,EGP
2025-08-08 10:01:36,Computer vision engineer,1,450,2025-08-29,Not Egyption and site out of egypt,Remote,Full Time,Magdeburg,USD
2025-08-08 11:42:48,Senior software engineer III,1,90000,2025-07-01,Egyption and site in egypt,On Site,Full Time,Cairo,EGP
2025-08-08 12:27:03,.Net Developer,2,28000,2025-08-01,Egyption and site in egypt,Hybrid,Full Time,Cairo,EGP
2025-08-08 12:51:30,AI Software R&D Engineer (AI/Backend/Frontend),2,20000,2025-02-02,Egyption and site in egypt,Remote,Full Time,Giza,EGP
2025-08-08 02:58:44,Senior Software Engineer,6,4000,2025-08-08,Not Egyption and site out of egypt,Remote,Full Time,Dubai,USD
2025-08-08 06:56:46,C++ Software Engineer,3,800,2025-08-08,Not Egyption and site out of egypt,Remote,Full Time,Amman,USD
2025-08-08 07:45:41,C++ (Embedded) Software Developer,3,35000,2025-08-08,Egyption and site in egypt,Hybrid,Full Time,Cairo,EGP
