طابع زمني,Title,Years of Experiences ,Salary,Date of Salary,What Is your Company,Work Type,Work Hour,City of Company site,النتيجة
5:21:22 م 2025/07/16,Front End ,2,20000,2025/06/30,Egyption,Remotley,Full Time,cairo,
5:53:52 م 2025/07/16,Full Stack .Net | Angular ,3,26000,2025/07/01,Egyption,Remotley,Full Time,Cairo ,
5:56:21 م 2025/07/16,.Net Developsr,1.5 years,14000 EGP,2025/06/01,Egyption,Remotley,Full Time,Cairo,
5:58:59 م 2025/07/16,IT Specialist ,0,10000,2025/05/01,Egyption,On Site,Full Time,"Maadi, Cairo",
5:59:28 م 2025/07/16,Front end,1,40000,2025/07/16,Not Egyption but site in egypt,Hybird,Full Time,Cairo,
6:10:38 م 2025/07/16,Email Marketing ,2,45000,2025/07/16,Not Egyption but site in egypt,On Site,Full Time,Cairo ,
6:13:16 م 2025/07/16,Email marketing ,1,30000,2025/07/16,Not Egyption but site in egypt,On Site,Full Time,Cairo ,
6:13:54 م 2025/07/16,Gmail marketing ,0,22000,2025/07/16,Not Egyption but site in egypt,On Site,Full Time,Cairo ,
6:18:53 م 2025/07/16,CRM Developer,3,40000,2025/01/01,Egyption,Hybird,Full Time,"Cairo, Riyadh",
6:19:06 م 2025/07/16,PHP developer ,2,6000,2025/07/16,Egyption,Remotley,Part Time,,
6:23:01 م 2025/07/16,Flutter developer,3,35000,2025/01/01,Egyption,Remotley,Full Time,Cairo and dubai,
6:41:56 م 2025/07/16,Storage&Backup admin ,3,25,2025/07/25,Egyption,On Site,Full Time,Cairo ,
6:43:02 م 2025/07/16,Senior front end engineer,6,75000,2025/03/01,Not Egyption but site in egypt,Hybird,Full Time,Cairo,
6:44:30 م 2025/07/16,Flutter Developer,2,14000,2025/07/16,Egyption,On Site,Full Time,cairo,
6:54:20 م 2025/07/16,Full stack. Net developer ,4,60000,2025/07/24,Not Egyption but site in egypt,Remotley,Full Time,Australia,
6:55:06 م 2025/07/16,Software QC Engineer,1,700 usd,2025/06/01,Not Egyption but site in egypt,Hybird,Full Time,Alexandria,
6:55:40 م 2025/07/16,mid level frontend react,2,17000,2025/07/11,Egyption,On Site,Full Time,new cairo,
6:57:12 م 2025/07/16,Embedded Software Engineer,2,43000,2025/07/01,Egyption,Remotley,Full Time,"Cairo, Maadi",
7:00:24 م 2025/07/16,Procurement Engineer,2,9175,2025/05/01,Egyption,On Site,Full Time,Alexandria,
7:00:41 م 2025/07/16,Senior Dot net developer ,5,60000,2025/01/01,Egyption,On Site,Full Time,Cairo,
7:04:28 م 2025/07/16,Software engineer,3,30000,2025/04/01,Egyption,Remotley,Full Time,Cairo,
7:06:15 م 2025/07/16,Frontend Engineer,1,60000,2025/01/01,corporate,Hybird,Full Time,new cairo,
7:06:18 م 2025/07/16,Frontend Engineer,1,60000,2025/01/01,corporate,Hybird,Full Time,new cairo,
7:06:20 م 2025/07/16,Frontend Engineer,1,60000,2025/01/01,corporate,Hybird,Full Time,new cairo,
7:09:35 م 2025/07/16,.net junior ,Less than a year,1000 usd,2025/01/03,Not Egyption but site in egypt,Remotley,Full Time,Kuwait,
7:16:59 م 2025/07/16,Sw testing engineer,1,35000,2025/07/16,Not Egyption but site in egypt,Hybird,Full Time,Cairo,
7:17:21 م 2025/07/16,Mobile Engineer,8.5,60000,2025/07/16,Egyption,Hybird,Full Time,Cairo,
7:19:48 م 2025/07/16,Data Scientist & Generative AI engineer ,1,18000,2025/05/01,Egyption,Hybird,Full Time,New Cairo ,
7:21:18 م 2025/07/16,Flutter Developer,1,20000,2025/07/01,Egyption,On Site,Full Time,Alexandria,
7:27:14 م 2025/07/16,"Fullstack (php ,vue)",1,250$,2025/07/18,Not Egyption and site out of egypt,Remotley,Full Time,Saudi,
7:27:15 م 2025/07/16,software engineer,2,45000,2025/02/16,Not Egyption and site out of egypt,Remotley,Full Time,uk,
7:32:37 م 2025/07/16,Data Engineer ,2,660 USD,2025/06/01,Not Egyption and site out of egypt,Remotley,Full Time,Dubia,
7:35:47 م 2025/07/16,Backend Developer,2.5,30000,2025/01/03,Egyption,Remotley,Full Time,Cairo,
7:37:54 م 2025/07/16,Java Developer ,1,30000,2024/09/01,Not Egyption but site in egypt,Hybird,Full Time,Cairo,
7:38:09 م 2025/07/16,Senior software developer ,4,75000,2025/06/28,Egyption,Hybird,Full Time,Cairo,
7:39:13 م 2025/07/16,Computer Vision Engineer,2,30000,2025/07/16,Egyption,Remotley,Full Time,Cairo,
7:40:32 م 2025/07/16,Node.js developer,1,12000,2025/02/01,Egyption,On Site,Full Time,Cairo,
7:40:53 م 2025/07/16,Frontend developer ,2,22000,2025/01/01,Not Egyption but site in egypt,On Site,Full Time,Jiza,
7:49:47 م 2025/07/16,Backend Developer - PHP Laravel,1,25000 EGP,2025/02/16,Egyption,Hybird,Full Time,Cairo,
7:51:18 م 2025/07/16,"Software Engineer( Mobile react native , backend django)",1,400$ with bonus ,2025/07/16,Not Egyption but site in egypt,Hybird,Full Time,"Cairo , Switzerland ",
7:52:17 م 2025/07/16,Software tester ,1.5,17000,2025/06/01,Egyption,Remotley,Full Time,Cairo,
7:52:31 م 2025/07/16,Full stack developer (Angular+.net),1,24000,2025/08/01,Egyption,Hybird,Full Time,Cairo,
7:56:24 م 2025/07/16,Software testing,<1,600 usd,2025/01/10,Not Egyption but site in egypt,Remotley,Full Time,Cairo,
7:54:09 م 2025/07/16,data scientist,2,55000,2025/07/01,Not Egyption but site in egypt,Remotley,Full Time,Dubai,
7:55:35 م 2025/07/16,Data Production Analyst,1,12500,2025/07/16,Not Egyption but site in egypt,Hybird,Full Time,Cairo,
7:58:19 م 2025/07/16,Software engineer,3,37000,2000/07/15,Egyption,On Site,Full Time,Cairo,
7:58:45 م 2025/07/16,Construction manager ,17,65000,2025/01/01,Egyption,On Site,Full Time,Cairo ,
7:58:55 م 2025/07/16,Senior DevOps Engineer ,3.5,42000,2025/01/01,Not Egyption but site in egypt,Hybird,Full Time,Cairo ,
8:01:42 م 2025/07/16,IoT Embedded systems,3,100,2025/07/01,Egyption,Hybird,Full Time,Cairo ,
8:03:13 م 2025/07/16,Gis developer ,0,600 USD,2025/07/16,Not Egyption but site in egypt,On Site,Full Time,Cairo ,
8:03:17 م 2025/07/16,Data Visualization ,0.75,8000,2025/07/16,Not Egyption but site in egypt,On Site,Full Time,"Cairo, Saudia ",
8:03:27 م 2025/07/16,Full stack enginner,2,53000,2025/06/28,Not Egyption but site in egypt,Hybird,Full Time,Cairo,
8:05:00 م 2025/07/16,Golang developer,6,30000,2025/01/01,Egyption,On Site,Full Time,Cairo,
8:05:34 م 2025/07/16,Data scientist,4,100000,2025/07/16,Egyption,Hybird,Full Time,Cairo,
8:06:15 م 2025/07/16,Ai engineer ,0,30000,2025/09/01,Egyption,On Site,Full Time,cairo,
8:09:39 م 2025/07/16,Frontend Developer,0.5,12000,2025/07/01,Egyption,Remotley,Full Time,cairo,
8:10:28 م 2025/07/16,Full stack developer ,4,40000,2025/07/01,Not Egyption and site out of egypt,Remotley,Part Time,Dubai,
8:11:05 م 2025/07/16,Flutter Developer,3,8500,2025/07/16,Egyption,Hybird,Full Time,Alexandria,
8:12:02 م 2025/07/16,Flutter developer,2,20000,2025/07/05,Egyption,On Site,Full Time,Giza,
8:12:07 م 2025/07/16,IT Specialist ,1,8000,2025/07/16,Not Egyption but site in egypt,On Site,Full Time,Cairo,
8:12:20 م 2025/07/16,Senior frontend developer ,3,45000,2025/06/01,Egyption,Remotley,Full Time,Cairo,
8:12:41 م 2025/07/16,Android Developer ,1,15,2024/09/06,Egyption,Remotley,Full Time,Cairo,
8:16:22 م 2025/07/16,Senior data engineer,3,58000,2025/07/16,Not Egyption but site in egypt,Hybird,Full Time,Cairo,
8:17:16 م 2025/07/16,Backend Developer ,2,23000,2025/07/01,Egyption,Hybird,Full Time,Cairo,
8:17:32 م 2025/07/16,Senior front end vue/nuxt js,5,1100,2025/07/16,Not Egyption and site out of egypt,Remotley,Full Time,Jordan ,
8:20:27 م 2025/07/16,Frontend developer ,Junior,20000,2025/07/16,Not Egyption but site in egypt,Hybird,Full Time,Cairo ,
8:24:29 م 2025/07/16,Mobile apps developer Flutter,1.5,800 usd,2025/07/01,Not Egyption and site out of egypt,Remotley,Full Time,Dubai,
8:24:54 م 2025/07/16,Frontend developer ,1,20500,2025/02/01,Egyption,Hybird,Full Time,Giza,
8:24:56 م 2025/07/16,Backend Developer ,3,34000,2025/07/01,Egyption,On Site,Full Time,Cairo,
8:26:05 م 2025/07/16,Software Engineer ,3,1400 USD,2025/07/03,Not Egyption and site out of egypt,Remotley,Full Time,California,
8:27:36 م 2025/07/16,Senior Data Scientist ,2.5,60000,2025/09/01,Not Egyption but site in egypt,Depends On Project ,Full Time,"Cairo, Dubai, Morocco and 2 other sites",
8:29:31 م 2025/07/16,.NET Developer,2,32000,2024/12/01,Not Egyption but site in egypt,On Site,Full Time,Cairo,
8:31:19 م 2025/07/16,Data Analyst ,2,24000,2024/10/01,Egyption,On Site,Full Time,cairo,
8:31:25 م 2025/07/16,Data Visualization Analyst,1,13000,2025/01/01,Egyption,Remotley,Full Time,Cairo,
8:31:35 م 2025/07/16,Java backend developer ,2,25000,2025/07/16,Egyption,Hybird,Full Time,Cairo,
8:31:58 م 2025/07/16,Front end developer ,3,30000,2025/01/05,Egyption,Remotley,Full Time,Alexandria,
8:32:42 م 2025/07/16,"Technical Lead, Backend and DevOps",3,100000,2025/03/01,Egyption,Hybird,Full Time,Giza,
8:34:52 م 2025/07/16,Full stack web developer,3,21000,2025/07/16,Egyption,Hybird,Full Time,Cairo,
8:35:07 م 2025/07/16,Senior frontend developer ,5,1500 USD,2025/05/01,Not Egyption but site in egypt,Remotley,Full Time,Cairo,
8:37:53 م 2025/07/16,PHP Deveoper,3,7500,2023/01/01,Not Egyption but site in egypt,On Site,Full Time,Mansoura,
8:36:25 م 2025/07/16,Product Owner/Manager ,3,"41,000 EGP",2024/10/15,Egyption,Hybird,Full Time,New Cairo,
8:37:29 م 2025/07/16,Product Owner/Manager (senior),3.5,1650 USD,2025/07/14,Not Egyption and site out of egypt,Remotley,Full Time,KSA,
8:37:55 م 2025/07/16,back end developer,2,20000,2025/07/01,Egyption,Remotley,Full Time,cairo,
8:39:43 م 2025/07/16,Java software engineer ,4,50000 egp,2025/07/16,Egyption,Hybird,Full Time,Cairo,
8:40:18 م 2025/07/16,Software developer,3,22000,2025/07/01,Egyption,Remotley,Full Time,Manama,
8:40:24 م 2025/07/16,Senior developer (java springboot&& angular ),7,1850 USD,2025/07/01,Not Egyption but site in egypt,Hybird,Full Time,Cairo,
8:42:36 م 2025/07/16,Backend Developer,5,60000,2025/07/16,Not Egyption and site out of egypt,Remotley,Full Time,Jordan ,
8:43:14 م 2025/07/16,Nodejs develoepr,1,20000 egp,2025/07/16,Egyption,Remotley,Full Time,Cairo,
8:43:47 م 2025/07/16,Data scientist,1,27000,2025/05/25,Egyption,On Site,Full Time,Cairo,
8:45:25 م 2025/07/16,Software Engineer ,less than 1,650 usd,2025/07/16,Egyption,Remotley,Full Time,Alexandria,
8:47:35 م 2025/07/16,software tester,1,12500,2025/03/09,Egyption,Remotley,Full Time,,
8:47:45 م 2025/07/16,Software Engineer,2,100000,2025/07/16,Not Egyption and site out of egypt,Remotley,Full Time,Riyadh,
8:51:13 م 2025/07/16,Software Engineer (Java),2.5,31000,2025/01/01,Egyption,Hybird,Full Time,"Giza, 6th of October",
8:55:40 م 2025/07/16,Odoo developer ,1,5500,2025/07/16,Egyption,On Site,Full Time,,
8:59:31 م 2025/07/16,Frontend developer,2.8,66000,2025/04/01,Egyption,Hybird,Full Time,Cairo,
8:59:49 م 2025/07/16,Back End Developer ,3,30000,2025/07/01,Egyption,Remotley,Full Time,cairo,
9:01:03 م 2025/07/16,Back End Developer,1.5,6000,2025/07/07,Egyption,Remotley,Full Time,Cairo,
9:01:48 م 2025/07/16,Warehouse Manager ,7,25k net ,2025/01/02,Egyption,On Site,Full Time,Giza ,
9:01:49 م 2025/07/16,Senior Front end Developer,6,45000,2025/04/01,Not Egyption but site in egypt,Remotley,Full Time,Canada,
9:03:37 م 2025/07/16,Senior Software Engineer ,9,3200,2025/07/01,Not Egyption but site in egypt,Remotley,Full Time,Riyad ,
9:04:12 م 2025/07/16,devops,2,39000,2025/06/28,Not Egyption but site in egypt,Hybird,Full Time,"Cairo, Egypt",
9:04:53 م 2025/07/16,Production Supervisor ,9,40000,2025/06/21,Not Egyption but site in egypt,On Site,Full Time,Bany swef,
9:05:13 م 2025/07/16,Fullstack NodeJs developer,2,34000,2025/01/01,Not Egyption and site out of egypt,Remotley,Full Time,"Berlin , Germany",
9:06:37 م 2025/07/16,D365 FO Dev,10,1900 usd,2025/07/16,Not Egyption but site in egypt,Remotley,Full Time,,
9:07:07 م 2025/07/16,Data Engineer ,4,55000 egp net,2025/07/16,Egyption,Hybird,Full Time,Cairo,
9:10:30 م 2025/07/16,Flutter developer ,3,50k,2025/07/16,Not Egyption but site in egypt,Hybird,Full Time,Lebnanon,
9:10:59 م 2025/07/16,PHP Developer,3,45000,2025/01/02,Not Egyption but site in egypt,Remotley,Full Time,KSA,
9:11:08 م 2025/07/16,Frontend Developer,2,1200 USD,2025/07/01,Not Egyption but site in egypt,Hybird,Full Time,Cairo,
9:11:12 م 2025/07/16,Frontend reactjs,3,15000,2025/07/16,Egyption,Remotley,Full Time,Mansoura,
9:11:22 م 2025/07/16,AI engineer ,1,17000,2025/02/17,Egyption,Hybird,Full Time,Cairo,
9:13:30 م 2025/07/16,Laravel Developer ,4,60000,2025/01/01,Egyption,Hybird,Full Time,Cairo,
9:20:14 م 2025/07/16,Product Owner,3,40000,2025/06/28,Not Egyption but site in egypt,Hybird,Full Time,,
9:21:55 م 2025/07/16,Java Developer ,1.5,30000,2025/07/16,Egyption,Hybird,Full Time,Cairo,
9:22:37 م 2025/07/16,Logistics & purchasing specialist ,2,6000,2023/10/17,Not Egyption but site in egypt,On Site,Full Time,El-Minia,
9:25:40 م 2025/07/16,Flutter Developer ,2 years ,550 usd,2025/07/01,Not Egyption and site out of egypt,Remotley,Full Time,United kingdom ,
9:26:03 م 2025/07/16,Senior Front-End Developer,8,60000,2025/08/10,Egyption,On Site,Full Time,Alexandria,
9:26:21 م 2025/07/16,Frontend developer,4,60000,2025/07/23,Not Egyption but site in egypt,Hybird,Full Time,,
9:26:53 م 2025/07/16,Software tester ,1 year ,11000,2024/10/15,Egyption,On Site,Full Time,"Cairo, Nasr City ",
9:27:45 م 2025/07/16,Flutter developer ,1.5,20000,2025/07/02,Egyption,Remotley,Full Time,Cairo ,
9:28:08 م 2025/07/16,Software Tester,1,15000,2025/07/16,Not Egyption but site in egypt,Hybird,Full Time,Alexandria,
9:28:11 م 2025/07/16,Data analyst,1,18k EGP,2025/07/16,Egyption,On Site,Part Time,cairo,
9:28:19 م 2025/07/16,Senior software engineer ,6,63k,2025/07/01,Not Egyption but site in egypt,Remotley,Full Time,Riyadh,
9:29:24 م 2025/07/16,AI Engineer,4,60000,2025/10/01,Not Egyption but site in egypt,Hybird,Full Time,Cairo,
9:30:30 م 2025/07/16,iOS Developer,1,12000,2025/07/01,Egyption,On Site,Full Time,Giza,
9:31:24 م 2025/07/16,Communication and electronic Engineer ,Fresh graduate (1 year),9000,2025/07/16,Egyption,On Site,Full Time,Cairo ,
9:31:30 م 2025/07/16,Frontend Developer ,1.5,19250,2025/07/16,Egyption,Remotley,Full Time,Cairo ,
9:33:52 م 2025/07/16,joniur data engineer ,1,17000,2024/06/01,Egyption,Hybird,Full Time,new cairo,
9:33:55 م 2025/07/16,Backend,2,28000,2024/11/20,Egyption,Hybird,Full Time,cairo,
9:34:27 م 2025/07/16,Frontend Developer ,5,48500,2023/05/05,Not Egyption but site in egypt,Remotley,Full Time,,
9:34:29 م 2025/07/16,Quality Control,1,20000,2025/07/16,Egyption,Hybird,Full Time,Cairo,
9:35:19 م 2025/07/16,backend developer,2,10000,2025/07/01,Egyption,On Site,Full Time,tanta,
9:35:55 م 2025/07/16,BI Engineer,4,51678,2025/06/26,Not Egyption but site in egypt,Hybird,Full Time,Cairo,
9:38:01 م 2025/07/16,Dynamics 356 CRM Developer,1.5,20000,2025/07/16,Not Egyption but site in egypt,Hybird,Full Time,Cairo,
9:39:04 م 2025/07/16,Software Engineer ,1,12000,2025/07/01,Not Egyption but site in egypt,Hybird,Full Time,Alexandria ,
9:39:49 م 2025/07/16,Php developer,6,36000,2025/05/01,Egyption,On Site,Full Time,Alexandria,
9:40:01 م 2025/07/16,Flutter developer,1,15000,2025/07/01,Egyption,Remotley,Full Time,Cairo,
9:40:05 م 2025/07/16,Security Engineer ,1.5,27000,2025/07/27,Egyption,Hybird,Full Time,Cairo ,
9:40:30 م 2025/07/16,DevOps Engineer,1,22000,2025/07/01,Egyption,On Site,Full Time,"Maadi, Cairo",
9:42:22 م 2025/07/16,Full Stack Developer ,1,12000,2025/07/03,Egyption,On Site,Full Time,Cairo ,
9:44:20 م 2025/07/16,Software engineer,1,40000,2025/07/01,Not Egyption but site in egypt,Hybird,Full Time,Cairo,
9:44:32 م 2025/07/16,Data Management specialist ,2,36000,2025/07/01,Egyption,Hybird,Full Time,Cairo,
9:44:57 م 2025/07/16,.NET developer ,6,60000,2025/07/16,Not Egyption but site in egypt,Remotley,Full Time,Cairo,
9:45:56 م 2025/07/16,Software engineer,1,36000,2025/01/01,Egyption,Remotley,Full Time,Cairo,
9:48:06 م 2025/07/16,Java Developer ,1,19000,2025/07/16,Egyption,On Site,Full Time,alexandria ,
9:48:21 م 2025/07/16,. NET developer ,6,1200 usd,2025/07/16,Not Egyption but site in egypt,Remotley,Full Time,Cairo,
9:50:05 م 2025/07/16,Software Engineer,1,35000,2025/07/29,Egyption,On Site,Full Time,Alexandria,
9:50:05 م 2025/07/16,Network Security Engineer ,4,30000 egp,2025/01/01,Egyption,On Site,Full Time,Cairo,
9:52:22 م 2025/07/16,MERN stack developer,4,45000,2025/07/16,Egyption,Hybird,Full Time,Cairo,
9:52:27 م 2025/07/16,Engineering manager ,13,180000,2025/01/01,Egyption,Hybird,Full Time,Cairo,
9:52:49 م 2025/07/16,Full Stack Engineer,3,62500,2025/05/01,Not Egyption and site out of egypt,Remotley,Full Time,-,
9:55:15 م 2025/07/16,Java team lead,10,4000 USD,2024/01/01,Not Egyption but site in egypt,Remotley,Full Time,,
9:55:23 م 2025/07/16,Mobile application developer ,3,20000,2025/05/01,Egyption,On Site,Full Time,6 October ,
9:56:27 م 2025/07/16,Data Analyst ,2,22,2025/07/16,Egyption,On Site,Full Time,Cairo ,
9:56:35 م 2025/07/16,Data engineer,4,130000,2025/07/16,Not Egyption and site out of egypt,On Site,Full Time,Riyadh,
9:58:14 م 2025/07/16,Front End React,4,2000 USD,2025/07/27,Not Egyption but site in egypt,On Site,Full Time,Shiekh zayed ,
9:58:35 م 2025/07/16,Back end developer,6,58000,2025/07/16,Egyption,Hybird,Full Time,Cairo,
10:00:17 م 2025/07/16,.Net Developer,2,30k,2025/01/01,Egyption,Hybird,Full Time,Alexandria,
10:02:15 م 2025/07/16,PHP backend developer,2,15000,2025/07/16,Egyption,On Site,Full Time,Mansoura,
10:02:20 م 2025/07/16,Senior python developer ,9,70,2025/07/01,Egyption,On Site,Full Time,Alexandria ,
10:08:23 م 2025/07/16,C/C++,1,22000,2025/06/01,Egyption,Hybird,Full Time,Cairo,
10:09:19 م 2025/07/16,Full stack developer ,2,370 $,2025/06/01,Not Egyption but site in egypt,Remotley,Full Time,,
10:09:27 م 2025/07/16,Network engineer,4,21000,2025/06/01,Egyption,Hybird,Part Time,Cairo,
10:11:54 م 2025/07/16,Software Engineer ,1,20000,2025/07/01,Egyption,On Site,Full Time,Alexandria ,
10:17:15 م 2025/07/16,"Full Stack developer (Flutter, .NET, react)",1.5,15000,2025/07/01,Not Egyption and site out of egypt,Remotley,Part Time,Riyadh,
10:18:34 م 2025/07/16,Senior Full Stack. Net Angular ,3,55000,2025/07/16,Not Egyption but site in egypt,Hybird,Full Time,Cairo,
10:23:36 م 2025/07/16,Next Js developer,1,20000,2025/07/16,Egyption,Remotley,Full Time,,
10:25:11 م 2025/07/16,UI\UX Designer,2,15٫2,2025/07/25,Egyption,Hybird,Full Time,cairo,
10:26:08 م 2025/07/16,Frontend Developer ,Less than a year ,15000,2025/07/24,Egyption,On Site,Full Time,New Cairo,
10:26:15 م 2025/07/16,IT SUPPORT ,2,10000,2024/09/01,Egyption,On Site,Full Time,Cairo ,
10:27:54 م 2025/07/16,.net developer ,5,40 k,2025/07/16,Egyption,Remotley,Full Time,,
10:28:28 م 2025/07/16,Game developer (unreal engine) ,0,35000,2025/07/16,Not Egyption and site out of egypt,Remotley,Full Time,Dubai,
10:28:27 م 2025/07/16,React js Developer,3,18000,2025/01/01,Egyption,On Site,Full Time,cairo,
10:28:33 م 2025/07/16,.net developer ,5,25k,2025/05/01,Egyption,On Site,Full Time,Cairo,
10:29:50 م 2025/07/16,Wordpress developer ,2,10000,2024/10/01,Egyption,Remotley,Full Time,Cairo,
10:30:27 م 2025/07/16,Integration Engineer,3,28600,2025/02/12,Egyption,Hybird,Full Time,Giza ,
10:30:38 م 2025/07/16,Odoo functional consultant,1,30000,2025/07/16,Not Egyption and site out of egypt,Remotley,Full Time,Saudi arabia,
10:33:27 م 2025/07/16,Robotics SW engineer,3,65000,2025/07/16,Not Egyption but site in egypt,On Site,Full Time,Cairo,
10:33:45 م 2025/07/16,Ai Engineer ,4,30k,2025/07/01,Not Egyption but site in egypt,On Site,Full Time,Cairo,
10:38:55 م 2025/07/16,Senior Software Engineer,6,2100 USD,2025/07/16,Not Egyption but site in egypt,Hybird,Full Time,Cairo,
10:39:12 م 2025/07/16,DevOps Engineer,0,18000,2025/05/01,Egyption,Hybird,Full Time,"Cairo, Egypt",
10:39:39 م 2025/07/16,Java Developer,2,37000,2025/02/01,Not Egyption but site in egypt,Hybird,Full Time,Cairo,
10:39:49 م 2025/07/16,Data analyst,1,8500,1996/07/01,Egyption,On Site,Full Time,Giza,
10:40:01 م 2025/07/16,full stack developer,2,15000,2025/07/16,Egyption,Remotley,Full Time,cairo,
10:42:41 م 2025/07/16,Software Engineer ,2,35000,2025/01/01,Not Egyption but site in egypt,Hybird,Full Time,Cairo,
10:43:57 م 2025/07/16,BI Engineer ,2,32000,2025/06/28,Not Egyption but site in egypt,Hybird,Full Time,,
10:45:30 م 2025/07/16,Backend developer Php laravel,1.5 ,20000,2020/01/01,Egyption,Hybird,Full Time,,
10:45:41 م 2025/07/16,flutter developer,1,5000,1111/11/11,Egyption,Remotley,Full Time,cairo,
10:46:07 م 2025/07/16,full stack developer,1.5,15000,2025/07/16,Egyption,On Site,Full Time,cairo,
10:47:22 م 2025/07/16,Cloud DevOps Engineer ,3,47100 Net,2025/07/16,Not Egyption but site in egypt,Hybird,Full Time,Cairo,
10:48:35 م 2025/07/16,RPA developer,1-3,30,2025/07/01,Not Egyption but site in egypt,Hybird,Full Time,Giza,
10:50:19 م 2025/07/16,Flutter developer ,5,1500$,2025/03/01,Saudi backdoor (dev team in Egypt),Hybird,Full Time,Cairo ,
10:50:22 م 2025/07/16,Technical Talent Acquisition Coordinator ,1 year,16000,2025/01/06,Egyption,Hybird,Full Time,Cairo ,
10:50:56 م 2025/07/16,data analyst ,1,12000,2025/07/16,Not Egyption but site in egypt,On Site,Full Time,Cairo ,
10:51:47 م 2025/07/16,Software Engineer,2,1000$,2025/07/16,Not Egyption and site out of egypt,Remotley,Full Time,USA ,
10:56:03 م 2025/07/16,Technical Office Engineer ,4,19000,2025/07/01,Egyption,On Site,Full Time,Cairo ,
10:56:43 م 2025/07/16,Software Engineer II ( Fullstack .NET Developer ),1.5,30000,2025/07/01,Egyption,Hybird,Full Time,Cairo ,
10:57:37 م 2025/07/16,Senior IT Support ,5,22000,2025/05/01,Egyption,On Site,Full Time,Cairo ,
10:57:49 م 2025/07/16,.Net backend developer,7 months,15000,2025/06/01,Egyption,On Site,Full Time,Giza ,
10:59:14 م 2025/07/16,Solution architect ,8,120000,2025/06/27,Not Egyption and site out of egypt,On Site,Full Time,Riyhad,
10:59:18 م 2025/07/16,Laravel Developer,4,70000,2025/02/28,Not Egyption and site out of egypt,Remotley,Full Time,Riyadh,
11:00:22 م 2025/07/16,Software Engineer ,2,30,2025/07/16,Not Egyption but site in egypt,Remotley,Full Time,United Arab Emirates ,
11:03:33 م 2025/07/16,Data Engineer,2,600 $,2025/07/16,Not Egyption and site out of egypt,Remotley,Full Time,ksa,
11:05:20 م 2025/07/16,Junior iOS Developer ,1.5,40,2025/05/20,Egyption,Hybird,Full Time,Cairo,
11:07:53 م 2025/07/16, Robotic software engineer,3,1300 dollar,2025/07/16,Not Egyption but site in egypt,Hybird,Full Time,Cairo,
11:09:57 م 2025/07/16,Senior Flutter Developer,5,21000,2025/07/01,Egyption,Remotley,Full Time,Cairo,
11:18:32 م 2025/07/16,Senior MBD Engineer,4,42000 EGP,2025/06/25,Egyption,On Site,Full Time,Cairo,
11:19:57 م 2025/07/16,.Net Developer ,0,10000,2025/06/01,Egyption,On Site,Full Time,Cairo,
11:20:47 م 2025/07/16,Software Engineer,1,36000,2025/11/15,Egyption,On Site,Full Time,Alexandria,
11:24:11 م 2025/07/16,Technical Specialist-Automation,2,27000,2025/06/01,Not Egyption and site out of egypt,Remotley,Full Time,Riyadh,
11:29:30 م 2025/07/16,Node.js developer,1,600$,2025/05/01,Not Egyption and site out of egypt,Remotley,Full Time,USA,
11:35:00 م 2025/07/16,Senior Mechanical design engineer ,3,20000,2025/07/01,Egyption,On Site,Full Time,6th of October ,
11:37:50 م 2025/07/16,Laravel developer ,1,12000,2025/06/01,Not Egyption but site in egypt,Remotley,Full Time,Cairo,
11:47:34 م 2025/07/16,Senior Frontend Engineer (Next.js),+5,1500 USD,2025/07/30,Not Egyption and site out of egypt,Remotley,Full Time,جدة,
11:51:28 م 2025/07/16,Full stack .Net ,1,17000,2025/07/16,Egyption,Hybird,Full Time,Cairo,
11:56:19 م 2025/07/16,PHP Developer ,2.5,25000,2025/08/01,Egyption,Hybird,Full Time,Cairo,
11:57:22 م 2025/07/16,Full stack developer .net and react (internship),1month,4500,2025/07/16,Egyption,Hybird,Full Time,Giza,
11:57:24 م 2025/07/16,Flutter Developer,3,500 USD,2025/07/01,Not Egyption and site out of egypt,Remotley,Full Time,Canada,
11:58:30 م 2025/07/16,iOS Developer,3,690 $,2025/08/01,Egyption,Remotley,Full Time,US,
12:03:03 ص 2025/07/17,AI Developer ,1,25000,2025/01/01,Not Egyption but site in egypt,Hybird,Full Time,"Cairo, Maadi",
12:03:04 ص 2025/07/17,Software Testing Engineer,less than a year,6000,2024/12/01,Egyption,On Site,Full Time,Mansoura,
12:03:49 ص 2025/07/17,Front end developer vuejs,3,16k,2025/02/01,Not Egyption but site in egypt,Hybird,Full Time,Cairo ,
12:06:06 ص 2025/07/17,Frontend Software Engineer,2,44500,2025/06/29,Not Egyption but site in egypt,Remotley,Full Time,Cairo,
12:12:54 ص 2025/07/17,ai engineer,1,30000,2025/01/25,Egyption,On Site,Full Time,cairo,
12:21:21 ص 2025/07/17,C++ Software Engineer ,1,20000,2025/07/01,Egyption,Remotley,Full Time,Georgia,
12:24:15 ص 2025/07/17,Senior Network Security Engineer,5,35000,2025/05/01,Egyption,On Site,Full Time,Cairo ,
12:26:29 ص 2025/07/17,Senior Flutter Developer,4,60000,2025/05/01,Not Egyption but site in egypt,Hybird,Full Time,Cairo,
12:27:20 ص 2025/07/17,Frontend Engineer,6,80000,2025/07/17,Not Egyption and site out of egypt,Remotley,Full Time,riyadh saudi arabia,
12:29:16 ص 2025/07/17,Network Engineer,2,28000,2025/07/01,Egyption,Hybird,Full Time,Cairo,
12:30:20 ص 2025/07/17,Senior Java Developer ,3,50000,2025/06/25,Egyption,Remotley,Full Time,cairo,
12:30:44 ص 2025/07/17,Development Team Lead,1,70000,2025/01/01,Egyption,Hybird,Full Time,Cairo,
12:31:06 ص 2025/07/17,Java developer ,1,30k,2024/08/01,Not Egyption but site in egypt,Remotley,Full Time,Cairo ,
12:32:30 ص 2025/07/17,Devops engineer,1,40000,2025/07/25,Egyption,Remotley,Full Time,Cairo,
12:33:16 ص 2025/07/17,Devops,1,28000 Eyp,2024/08/24,Egyption,Remotley,Full Time,Cairo,
12:36:15 ص 2025/07/17,.net developer ,6,50000,2025/01/01,Not Egyption but site in egypt,Remotley,Full Time,Cairo,
12:36:43 ص 2025/07/17,DevOps expert ,9,65000,2025/07/17,Egyption,Hybird,Full Time,"Alexandria, Egypt ",
12:39:44 ص 2025/07/17,Production Manager,9,"Net Monthly 37,000LE with Bonus 180,000LE yearly",2025/06/24,Not Egyption but site in egypt,On Site,Full Time,"6th of October, Giza",
12:41:37 ص 2025/07/17,GRC analyst ,2,40000,2025/07/17,Egyption,Hybird,Full Time,Cairo,
12:43:39 ص 2025/07/17,Software Tester/QA Engineer ,1-2 year,300$,2025/07/30,Not Egyption but site in egypt,Remotley,Full Time,Cairo,
12:45:19 ص 2025/07/17,Maintenance engineer ,1.5,18000,2025/07/17,Egyption,Hybird,Full Time,Cairo ,
12:50:20 ص 2025/07/17,Odoo Developer,5,1600,2025/01/01,Not Egyption and site out of egypt,Remotley,Full Time,Saudi Arabia,
12:50:45 ص 2025/07/17,Java developer,4,39 net (3shan b2ali sanaten fl sherka el nas elgdeda btegy b range elmarket),2025/07/17,DXC,Remotley,Full Time,Cairo,
12:50:50 ص 2025/07/17,UI/UX designer ,3,18000,2025/07/17,Not Egyption and site out of egypt,Remotley,Full Time,Dubai,
12:52:08 ص 2025/07/17,Info sec GRC,2,25,2025/07/01,Multinational ,Hybird,Full Time,Cairo,
12:52:45 ص 2025/07/17,Principle Software Engineer ,15,44000,2025/07/17,Egyption,Remotley,Full Time,Cairo ,
12:55:59 ص 2025/07/17,Data Engineer ,1,30000,2025/07/17,Not Egyption but site in egypt,Remotley,Full Time,6 October ,
12:57:15 ص 2025/07/17,Senior Database administrator ,13,60k,2025/07/17,Egyption,On Site,Full Time,Cairo ,
12:59:32 ص 2025/07/17,React Developer ,1.5,18000,2025/02/01,Not Egyption but site in egypt,On Site,Full Time,Cairo,
1:00:27 ص 2025/07/17,Security Engineer,3,55000,2025/07/17,Egyption,Hybird,Full Time,Cairo,
1:00:33 ص 2025/07/17,Full stack web developer ,2,55000,2025/07/01,Egyption,Hybird,Full Time,Cairo,
1:06:14 ص 2025/07/17,.net developer,1.8,14000,2023/12/01,Egyption,On Site,Full Time,Mansoura,
1:07:01 ص 2025/07/17,Software engineer,4,50000,2024/10/15,Egyption,Hybird,Full Time,Cairo,
1:10:16 ص 2025/07/17,Frontend Developer (React/next),2 years,12000,2025/07/01,Egyption,On Site,Full Time,"Cairo,maadi",
1:11:15 ص 2025/07/17,Customer service specialist ,5,20000,2025/02/01,Not Egyption but site in egypt,Hybird,Full Time,Giza,
1:12:01 ص 2025/07/17,FP&A associate manager,5,"48,000 Net",1111/11/11,Not Egyption but site in egypt,Hybird,Full Time,,
1:12:35 ص 2025/07/17,.NET Developer ,5,50000,2025/06/30,Not Egyption but site in egypt,Hybird,Full Time,Giza,
1:15:13 ص 2025/07/17,Sr.Dynamics consultant,4,27000,2025/01/30,Not Egyption but site in egypt,Hybird,Full Time,Saudi,
1:16:42 ص 2025/07/17,Front end developer ,3,25000,2025/07/15,Not Egyption and site out of egypt,Remotley,Full Time,Sudia,
1:19:40 ص 2025/07/17,DevOps/SRE,4,40000,2025/07/17,Not Egyption but site in egypt,Remotley,Full Time,Cairo,
1:20:51 ص 2025/07/17,Full stack php developer,2+,35000,2025/05/17,Egyption,Hybird,Full Time,cairo,
1:21:01 ص 2025/07/17,AI Engineer ,1.5,38000,2025/07/01,Egyption,On Site,Full Time,Cairo,
1:25:17 ص 2025/07/17,QC and Automation engineer 2 ,3,57000,2025/07/01,Egyption,Remotley,Full Time,Cairo,
1:28:51 ص 2025/07/17,Softwares tester,3,9000,2025/06/30,Not Egyption but site in egypt,On Site,Full Time,Mansoura ,
1:35:42 ص 2025/07/17,Devops Engineer,5,31000,2025/07/17,Egyption,Hybird,Full Time,Alexandria,
1:39:45 ص 2025/07/17,iOS Developer,6,1200$,2024/10/10,Not Egyption and site out of egypt,Remotley,Full Time,dubai,
1:40:01 ص 2025/07/17,Backend ( PHP ),4,1200$,2025/01/01,Not Egyption and site out of egypt,Remotley,Full Time,Dubai,
1:44:22 ص 2025/07/17,.net,8month,10,2025/07/17,Egyption,Remotley,Full Time,Tanta,
1:45:19 ص 2025/07/17,Medical Liaison ,2,24700,2023/07/30,Egyption,Hybird,Full Time,Cairo ,
1:46:20 ص 2025/07/17,University lecturer ,10,18000,2015/02/28,Egyption,On Site,Full Time,Giza,
1:47:30 ص 2025/07/17,Frontend Developer,2,30000,2025/01/01,Not Egyption but site in egypt,On Site,Full Time,Cairo,
2:01:22 ص 2025/07/17,People Advisor/Hr Generalist/Hr Specialist,1.5,9000,2024/11/15,Egyption,Hybird,Full Time,Cairo,
2:10:16 ص 2025/07/17,Odoo Implementer,4,1300 USD,2025/01/01,Not Egyption and site out of egypt,Remotley,Full Time,Saudi,
2:14:04 ص 2025/07/17,Nodejs developer ,1,20000,2025/07/17,Egyption,On Site,Full Time,Cairo,
2:19:07 ص 2025/07/17,Full stack dot net developer ,1,13000,2025/07/17,Egyption,Remotley,Full Time,Cairo,
2:22:40 ص 2025/07/17,Computer vision engineer ,1,30000,2025/07/25,Egyption,Hybird,Full Time,Cairo,
2:26:08 ص 2025/07/17,Soc analyst tier1,1,20500,2025/07/17,Not Egyption but site in egypt,Hybird,Full Time,Cairo,
2:28:16 ص 2025/07/17,Senior PHP Deveoper,12,1900usd,2024/09/01,Not Egyption and site out of egypt,Remotley,Full Time,Riyadh,
2:29:49 ص 2025/07/17,Integration Developer,3,35000,2025/07/01,Not Egyption but site in egypt,Hybird,Full Time,,
2:36:26 ص 2025/07/17,Full stack developer,0.65,14000,2025/07/25,Egyption,Remotley,Full Time,Cairo,
2:53:28 ص 2025/07/17,Frontend team lead,2,70000,2025/01/01,Egyption,Hybird,Full Time,cairo,
2:56:56 ص 2025/07/17,Electrical engineer,5,10500,2025/01/01,Egyption,On Site,Full Time,Suez,
3:02:47 ص 2025/07/17,DevOps Engineer,2,30000,2025/07/01,Egyption,Remotley,Full Time,,
3:28:31 ص 2025/07/17,Cloud Engineer,3,42000,2025/06/17,Not Egyption but site in egypt,Hybird,Full Time,Cairo,
3:34:53 ص 2025/07/17,Network Engineer ,1,25000,2025/07/01,Not Egyption and site out of egypt,Remotley,Full Time,Poland,
3:58:23 ص 2025/07/17,Senior ERP developer ,5,62000,2025/07/17,Egyption,Remotley,Full Time,Cairo,
4:28:51 ص 2025/07/17,Php Developer ,2,800 usd,2025/07/17,Egyption,Remotley,Full Time,Saudi Arabia ,
4:29:05 ص 2025/07/17,IT Infrastructure Engineer,1,16000,2025/03/16,Not Egyption but site in egypt,On Site,Full Time,Cairo,
4:29:47 ص 2025/07/17,Php Developer ,2,800 usd,2025/07/17,Egyption,Remotley,Full Time,Saudi Arabia ,
4:32:58 ص 2025/07/17,Data analyst,4,27500,2025/06/30,Egyption,Remotley,Full Time,Cairo,
4:34:30 ص 2025/07/17,BI Engineer,5,38000,2025/06/01,Egyption,Remotley,Full Time,Cairo ,
5:02:07 ص 2025/07/17,Cybersecurity Presales Engineer,1,20000,2025/07/01,Egyption,Remotley,Full Time,"Cairo, Egypt",
5:10:09 ص 2025/07/17,SWE Intern,0,10000,2025/07/01,Not Egyption but site in egypt,Hybird,Full Time,Cairo,
5:16:22 ص 2025/07/17,C++ Engineer,3,1k$,2025/07/17,Egyption,Remotley,Full Time,GA,
5:18:54 ص 2025/07/17,Node js Developer ,3,1200 USD,2024/07/01,Not Egyption but site in egypt,Remotley,Full Time,,
5:22:47 ص 2025/07/17,Software QC engineer,3,30000,2025/02/01,Egyption,Hybird,Full Time,"Cairo, nasr city",
5:23:07 ص 2025/07/17,Data analyst ,2,9000,2025/07/31,Egyption,Hybird,Part Time,Cairo,
5:36:31 ص 2025/07/17,Mentor ,0,13000,2025/07/01,Egyption,Remotley,Full Time,Cairo,
5:36:35 ص 2025/07/17,Teaching Assistant,3,16000,2025/07/23,Egyption,On Site,Full Time,cairo,
5:38:18 ص 2025/07/17,Software Developer,2,32,2025/07/26,Not Egyption but site in egypt,Hybird,Full Time,"Cairo, Saudi Arabia ",
6:13:44 ص 2025/07/17,presales automation engineer,2,15000,2025/05/01,Egyption,On Site,Full Time,cairo,
6:17:38 ص 2025/07/17,Front End Developer,3,18200,2025/07/30,Egyption,Remotley,Full Time,Cairo,
6:18:21 ص 2025/07/17,Frontend,2.5,7500,2025/08/05,Else,Remotley,Part Time,Cairo,
6:22:35 ص 2025/07/17,Front end react,2,30000,2025/07/17,Not Egyption but site in egypt,Remotley,Full Time,,
6:28:17 ص 2025/07/17,Devops engineer,6,26000 aed,2025/03/01,Not Egyption and site out of egypt,Hybird,Full Time,Abudhabi,
6:30:37 ص 2025/07/17,Test,0,0,2025/02/01,Egyption,On Site,Full Time,Cai,
6:43:08 ص 2025/07/17,.Net Developer,3,12000,2025/03/01,Egyption,On Site,Full Time,Mansoura,
7:01:28 ص 2025/07/17,Backend node.js developer,1,20k,2025/07/17,Egyption,Hybird,Full Time,Cairo,
7:08:43 ص 2025/07/17,Full stack Developer,3,20000,2025/07/17,Egyption,On Site,Full Time,Cairo,
7:13:48 ص 2025/07/17,CRM developer ,1,15000,2025/07/17,Egyption,Hybird,Full Time,Cairo,
7:20:55 ص 2025/07/17,MEAN stack developer ,3,50000,2025/01/31,Egyption,On Site,Full Time,Cairo ,
7:23:47 ص 2025/07/17,Software Engineer Intern,0,5000,2025/07/17,Not Egyption but site in egypt,On Site,Full Time,Cairo,
7:32:52 ص 2025/07/17,Data Scientist,3,48000,2025/07/27,Not Egyption but site in egypt,On Site,Full Time,Marsa Alam,
7:34:17 ص 2025/07/17,Dotnet full stack developer,2,15000,2025/07/07,Egyption,Hybird,Full Time,Cairo ,
7:42:39 ص 2025/07/17,robotics engin,3,22900,2025/01/08,Egyption,On Site,Full Time,cairo,
7:42:51 ص 2025/07/17,senior software engineer,11,1750 USD,2025/07/17,Not Egyption but site in egypt,Remotley,Full Time,USA,
7:42:55 ص 2025/07/17,Java Developer ,3,50000,2025/07/01,Egyption,Hybird,Full Time,Cairo,
8:13:22 ص 2025/07/17,Senior Flutter Developer ,+5,35000,2025/07/17,Not Egyption but site in egypt,On Site,Full Time,Zayed,
8:21:33 ص 2025/07/17,NLP R&D Engineer,1.5,35000,2002/02/26,Egyption,On Site,Full Time,Giza,
8:21:45 ص 2025/07/17,Technical support specialist ,5,7500,2025/07/17,Egyption,On Site,Full Time,We,
8:22:47 ص 2025/07/17,Senior Data Engineed,4,70000,2025/07/01,Egyption,Hybird,Full Time,Cairo,
8:25:04 ص 2025/07/17,Full Stack Developer,3.9,55000,2025/07/01,Not Egyption and site out of egypt,Remotley,Full Time,New Yourk,
8:41:07 ص 2025/07/17,Data analyst,2,7k,2025/06/30,Egyption,On Site,Full Time,Mansoura,
8:42:26 ص 2025/07/17,Sales analyst,0,15000,2025/07/17,Egyption,On Site,Full Time,Giza,
8:52:23 ص 2025/07/17,Social media marketing executive ,4,14000,2025/07/05,Not Egyption but site in egypt,On Site,Full Time,,
8:53:32 ص 2025/07/17,Solutions Engineer,3,15000,2025/07/17,Not Egyption and site out of egypt,Remotley,Full Time,Dubai,
8:53:48 ص 2025/07/17,Data Scientist ,2.5,37000,2025/07/25,Egyption,On Site,Full Time,October ,
8:53:52 ص 2025/07/17,Manual software tester,1,10,2024/11/01,Egyption,Hybird,Full Time,Cairo,
8:56:42 ص 2025/07/17,Senior Android Engineer,8,3000 USD,2025/05/17,Not Egyption and site out of egypt,Remotley,Full Time,Saudi Arabia,
8:56:53 ص 2025/07/17,Senior data analyst ,8,35,2025/07/17,Egyption,On Site,Full Time,Cairo,
9:00:12 ص 2025/07/17,SAP MM Consultant ,2,30K,2025/03/29,Not Egyption but site in egypt,Hybird,Full Time,Cairo ,
9:03:25 ص 2025/07/17,IT Specialist ,Half year,9000 EGP,2025/06/01,Egyption,On Site,Full Time,Cairo,
9:04:22 ص 2025/07/17,Software Quality Control Tester ,4,690$ ~ 35000 EGP,2025/07/31,Not Egyption but site in egypt,Hybird,Full Time,"Cairo ,KSA",
9:09:27 ص 2025/07/17,Wordpress deveolper,1,9000,2025/07/01,Egyption,Remotley,Full Time,cairo,
9:14:51 ص 2025/07/17,Control Engineer,1,Net - 14000 EGP,2025/06/20,Egyption,On Site,Full Time,Cairo,
9:26:02 ص 2025/07/17,Android Developer,6 months,10000,2025/07/01,Egyption,On Site,Full Time,cairo,
9:28:33 ص 2025/07/17,React js Front End Developer,2,15000,2025/07/01,Egyption,Hybird,Full Time,cairo,
9:30:19 ص 2025/07/17,Ml Engineer,1,25000,2025/07/17,Egyption,Hybird,Full Time,Giza,
9:32:31 ص 2025/07/17,SOC Analyst ,8month,10,2025/07/17,Egyption,Remotley,Full Time,Cairo ,
9:34:32 ص 2025/07/17,Eu consequatur sunt ,1997,In architecto anim s,2006/10/20,Egyption,On Site,Full Time,Fry Barton Traders,
9:40:18 ص 2025/07/17,Group OD & Talent Specialist ,2,12200,2025/07/17,Egyption,On Site,Full Time,Cairo,
9:42:43 ص 2025/07/17,Network / Network Security Engineer,0,12000,2024/12/17,Egyption,On Site,Full Time,Cairo,
9:45:42 ص 2025/07/17,Full Stack .NET & Angular,1,16000,2025/07/15,Not Egyption and site out of egypt,Remotley,Full Time,USA Texas,
9:47:24 ص 2025/07/17,Data Engineer ,2,32000,2025/07/01,Egyption,Hybird,Full Time,Cairo,
9:51:16 ص 2025/07/17,Data scientist,4,50000,2025/07/17,Egyption,On Site,Full Time,,
9:53:24 ص 2025/07/17,Fullstack Dev,6.5,125000,2025/05/01,Not Egyption and site out of egypt,Remotley,Full Time,Canada,
10:01:19 ص 2025/07/17,Embedded linux engineer,2,60000,2025/07/17,Not Egyption but site in egypt,Hybird,Full Time,Cairo,
10:03:37 ص 2025/07/17,Flutter Developer,2,140 Egp ,2002/04/01,Not Egyption but site in egypt,Remote Hourly based ,Part Time,Cairo,
10:05:30 ص 2025/07/17,IOS Deveoper,8,75000,2025/01/01,Egyption,Hybird,Full Time,cairo,
10:08:44 ص 2025/07/17,Fulkstack .Net developer,10,75000,2025/01/01,Egyption,On Site,Full Time,Cairo,
10:12:40 ص 2025/07/17,Data Engineer,1,22000,2025/03/01,Egyption,Hybird,Full Time,Cairo,
10:14:01 ص 2025/07/17,Senior Backend developer,5,80000,2025/07/01,Egyption,Hybird,Full Time,Cairo,
10:16:31 ص 2025/07/17,Backend Software Engineer,4,"40,000 EGP",2025/07/17,Egyption,Hybird,Full Time,Cairo,
10:17:11 ص 2025/07/17,Senior Android Developer ,4,70000,2025/04/01,Not Egyption but site in egypt,Hybird,Full Time,Cairo ,
10:18:58 ص 2025/07/17,Senior QA,9,1100 dollar ,2025/07/01,Not Egyption but site in egypt,On Site,Full Time,Dubai,
10:19:55 ص 2025/07/17,Senior backend engineer,9,3500 USD,2025/07/01,Not Egyption and site out of egypt,Remotley,Full Time,,
10:20:33 ص 2025/07/17,Core banking specialist agriculture ,3,10500,2025/07/17,Ag,On Site,Full Time,Cairo ,
10:21:22 ص 2025/07/17,CRM D365 developer ,0,12000,2025/07/17,Egyption,Remotley,Full Time,Giza,
10:21:28 ص 2025/07/17,Backend Software Engineer,3,80000,2025/02/28,Egyption,Hybird,Full Time,Cairo,
10:22:12 ص 2025/07/17,.Net Developer,2,12000,2024/09/01,Not Egyption but site in egypt,Remotley,Full Time,Cairo,
10:23:56 ص 2025/07/17,Senior Full stack ,8,90K EGP,2025/03/01,Egyption,Remotley,Full Time,Cairo,
10:24:43 ص 2025/07/17,Data Analyst ,1,6500,2025/06/25,Egyption,Hybird,Full Time,Maadi ,
10:27:27 ص 2025/07/17,Technical Talent acquisition specialist ,almost 2 years,13k,2025/06/29,Egyption,On Site,Full Time,cairo,
10:30:54 ص 2025/07/17,.Net Developer,3,22500,2025/07/17,Egyption,Hybird,Full Time,Cairo,
10:31:47 ص 2025/07/17,Business analyst ,1.5,25000,2025/07/17,Egyption,Remotley,Full Time,Riyadh ,
10:37:10 ص 2025/07/17,Senior Software Quality Control Engineer,4,55000,2025/09/01,Not Egyption but site in egypt,Hybird,Full Time,Giza,
10:38:37 ص 2025/07/17,Java developer,2.5,41000,2025/07/28,Not Egyption but site in egypt,Hybird,Full Time,Cairo,
10:38:56 ص 2025/07/17,Senior Mobile developer,8,75000,1992/05/24,Egyption,Hybird,Full Time,Cairo,
10:41:10 ص 2025/07/17,Odoo Developer,0,7000,2025/07/01,Egyption,Hybird,Full Time,Cairo,
10:41:36 ص 2025/07/17,Full stack web developer ,3,37,2025/07/25,Egyption,On Site,Full Time,Cairo,
10:41:51 ص 2025/07/17,Software tester ,0,19000,2025/06/25,Not Egyption but site in egypt,Hybird,Full Time,Cairo,
10:41:58 ص 2025/07/17,Senior C++ engineer,10,180k egp per month,2025/08/01,Not Egyption but site in egypt,Remotley,Full Time,Cairo,
10:50:07 ص 2025/07/17,Software engineer,2,20000,2025/06/15,Egyption,On Site,Full Time,Giza,
10:51:19 ص 2025/07/17,.net developer,2,20000,2025/06/15,Egyption,On Site,Full Time,giza,
10:55:33 ص 2025/07/17,Python developer ,4.5,55000,2025/04/01,Egyption,Hybird,Full Time,Alexandria ,
10:56:02 ص 2025/07/17,AI Engineer ,1,25000,2025/06/01,Egyption,Remotley,Full Time,Cairo,
10:56:11 ص 2025/07/17,Front end web developer ,2,30000,2025/07/25,Egyption,On Site,Full Time,Cairo,
10:59:19 ص 2025/07/17,Senior Data Management Engineer,5,13100,2025/01/01,Egyption,On Site,Full Time,Cairo,
11:00:16 ص 2025/07/17,Infrastructure Engineer,3,35000,2025/07/17,Egyption,Hybird,Full Time,Cairo,
11:02:16 ص 2025/07/17,CRM Consultant ,2,"15500 Egp , (in Riyadh) 7500 SAR",2025/07/17,Not Egyption and site out of egypt,On Site,Full Time,Riyadh,
11:03:47 ص 2025/07/17,Data Engineer ,1,30000,2025/08/01,Not Egyption but site in egypt,Remotley,Full Time,,
11:04:27 ص 2025/07/17,Data Analyst,2,13,2025/07/15,Egyption,On Site,Full Time,"Alexandria , Borg Alarab",
11:05:09 ص 2025/07/17,IoT/embedded ,1,22000,2025/07/17,Egyption,On Site,Full Time,,
11:07:35 ص 2025/07/17,React native,5,150k,2025/07/17,Not Egyption and site out of egypt,Remotley,Full Time,Cairo,
11:09:28 ص 2025/07/17,Senior full stack developer dot net ,8,70000,2025/07/01,Egyption,Hybird,Full Time,Cairo ,
11:09:41 ص 2025/07/17,Senior qc,4,53000,2025/04/01,Egyption,Hybird,Full Time,Cairo,
11:15:37 ص 2025/07/17,full stack .net,5,46000,2025/07/17,Egyption,Hybird,Full Time,Cairo,
11:16:37 ص 2025/07/17,Full Stack Laravel Developer,3,25000,2025/07/01,Egyption,Remotley,Full Time,cairo,
11:18:42 ص 2025/07/17,Senior Android developer ,10,2250 usd,2023/07/17,Not Egyption but site in egypt,Hybird,Full Time,Cairo,
11:20:32 ص 2025/07/17,Flutter Developer ,4,750 usd,2025/01/01,Not Egyption and site out of egypt,Remotley,Full Time,Amman Jordan ,
11:24:22 ص 2025/07/17,Software quality control,3,1200 USD,2025/01/01,Not Egyption but site in egypt,Remotley,Full Time,Cairo and riyadh,
11:26:03 ص 2025/07/17,Back end php developer,2,600 $,2025/07/01,Egyption,Remotley,Full Time,Giza,
11:26:24 ص 2025/07/17,Java developer,1,25k net,2025/06/01,Egyption,Hybird,Full Time,giza,
11:29:12 ص 2025/07/17,R&D Chemist ,1,8000,2025/01/01,Not Egyption but site in egypt,On Site,Full Time,Obour City ,
11:31:38 ص 2025/07/17,DevOps Engineer,2,16000 Net,2025/07/01,Egyption,On Site,Full Time,cairo,
11:32:37 ص 2025/07/17,Senior Analyst,5,30000,2025/07/01,Egyption,On Site,Full Time,cairo,
11:34:54 ص 2025/07/17,senior Automation Tester ,9,2000 usd,2025/07/01,Egyptian and site out of Egypt ,Remotley,Full Time,cairo ,
11:36:44 ص 2025/07/17,DevOps Engineer ,1.5,500 USD without On Call Competition ,2025/07/17,Not Egyption but site in egypt,On Site,Full Time,Cairo,
11:42:40 ص 2025/07/17,it specialist,2,10000,2025/05/26,Egyption,On Site,Full Time,Cairo,
11:44:25 ص 2025/07/17,Test Automation Engineer,3,75000,2025/03/02,Not Egyption but site in egypt,Hybird,Full Time,Cairo,
11:44:54 ص 2025/07/17,Teaching Assistant,2,16000,2025/07/17,Egyption,On Site,Full Time,New Administrative capital ,
11:50:40 ص 2025/07/17,Nodejs Backend Developer ,1.5,20000,2025/07/17,Not Egyption but site in egypt,Remotley,Full Time,"6th of October, Giza",
11:57:02 ص 2025/07/17,System administrator ,2,7500,2025/06/08,Egyption,On Site,Full Time,Cairo,
12:02:07 م 2025/07/17,Laravel,Almost 4,30000,2025/01/01,Not Egyption but site in egypt,On Site,Full Time,Riyadh ,
12:02:10 م 2025/07/17,Senior data engineer ,4,80k,2025/06/01,Not Egyption but site in egypt,Hybird,Full Time,France,
12:03:01 م 2025/07/17,Senior data engineer ,4,70000,2025/03/01,Not Egyption but site in egypt,Hybird,Full Time,France bank,
12:05:23 م 2025/07/17,DevOps engineer,3,31000,2025/07/27,Egyption,Hybird,Full Time,cairo,
12:14:21 م 2025/07/17,.net developer,2,40000,2025/03/01,Not Egyption but site in egypt,On Site,Full Time,cairo,
12:15:43 م 2025/07/17,Software engineering intern,1,10000,2025/07/31,Not Egyption but site in egypt,Hybird,Full Time,Cairo,
12:16:41 م 2025/07/17,Product Manager,1,15000,2025/07/11,Egyption,Hybird,Full Time,Cairo,
12:18:51 م 2025/07/17,PHP Laravel developer ,3,17000,2025/07/01,Egyption,On Site,Full Time,,
12:24:03 م 2025/07/17,Full stack .Net developer,1,12000,2025/07/17,Egyption,On Site,Full Time,Alexandria,
12:24:58 م 2025/07/17,Frontend Engineer,1.5,12500,2025/07/17,Egyption,Remotley,Full Time,Cairo,
12:26:42 م 2025/07/17,SAP Functional specialist ,2,13000,2025/07/17,Egyption,On Site,Full Time,Cairo,
12:26:46 م 2025/07/17,.net developer,Less than a year,12000,2025/07/15,Egyption,On Site,Full Time,Alexandria,
12:28:45 م 2025/07/17,Embedded software team leader ,13,48000,2025/07/05,Egyption,On Site,Full Time,Cairo,
12:31:43 م 2025/07/17,Technical Team Lead,8,90000,2025/07/27,Not Egyption but site in egypt,Hybird,Full Time,Alexandria,
12:33:39 م 2025/07/17,Software QC Engineer,1.5,13000,2025/02/01,Egyption,Hybird,Full Time,Cairo,
12:36:36 م 2025/07/17,Php laravel developer ,3,25000,2025/07/01,Egyption,Hybird,Full Time,Zagazig ,
12:37:40 م 2025/07/17,Network specialist ,3,25000,2025/01/01,Egyption,Hybird,Full Time,Cairo,
12:48:20 م 2025/07/17,Front-end developer,4,35000,2024/09/01,Egyption,On Site,Full Time,Cairo,
12:48:23 م 2025/07/17,Frontend Engineer,Less than 2,40000,2025/01/01,Egyption,Remotley,Full Time,Cairo,
12:49:50 م 2025/07/17,Data Analytics Engineer,3,55000,2025/07/01,Not Egyption but site in egypt,Hybird,Full Time,New Cairo,
12:50:54 م 2025/07/17,Frontend Developer (Angular/React/VUE),3,130000,1998/08/01,Not Egyption and site out of egypt,Remotley,Full Time,Vancouver,
12:53:40 م 2025/07/17,Senior Flutter Developer ,6,75k,2025/01/31,Egyption,Remotley,Full Time,,
12:55:09 م 2025/07/17,Senior full stack .net developer ,4,70,2025/07/17,Not Egyption but site in egypt,Hybird,Full Time,Cairo ,
12:55:28 م 2025/07/17,Junior Backend Developer ,1,Freelance,2025/07/31,Egyption,Remotley,Full Time,No sites ,
12:56:47 م 2025/07/17,Backend web deceloper,1,31000,2025/01/01,Not Egyption but site in egypt,Hybird,Full Time,"Cairo, Dubai",
12:59:17 م 2025/07/17,sales analyst,1.5,25 net,2025/07/01,Egyption,Hybird,Full Time,its located in egypt and egyptian but mother company in emirates ,
1:03:13 م 2025/07/17,Product Security Engineer,2,70000,2025/06/29,Not Egyption but site in egypt,Hybird,Full Time,Cairo,
1:05:08 م 2025/07/17,Data center engineer,1,15,2025/07/17,Egyption,Hybird,Full Time,Cairo,
1:06:40 م 2025/07/17,Senior application support ,3,22500,2025/04/01,Egyption,Hybird,Full Time,Cairo,
1:10:13 م 2025/07/17,Senior java developer ,4,40000,1996/07/18,Egyption,Hybird,Full Time,Cairo,
1:11:19 م 2025/07/17,Machine Learning Engineer,3,38000,2025/07/28,Egyption,Hybird,Full Time,,
1:12:50 م 2025/07/17,Android Developer,0,8000,2025/05/01,Egyption,Remotley,Part Time,Mansoura,
1:13:14 م 2025/07/17,Java developer ,1,22000,2025/07/01,Egyption,Hybird,Full Time,Cairo,
1:23:56 م 2025/07/17,Flutter Developer,1,6000,2025/04/09,Egyption,Hybird,Full Time,Cairo,
1:25:54 م 2025/07/17,Flutter Developer,2,700 USD,2025/03/01,Not Egyption and site out of egypt,Remotley,Full Time,Dubai,
1:29:57 م 2025/07/17,IT Service Desk,6,10000,2024/10/15,Egyption,On Site,Full Time,Cairo,
1:30:02 م 2025/07/17,PHP Deveoper,3,18000,2025/07/01,Egyption,On Site,Full Time,mansoura,
1:30:14 م 2025/07/17,Software Tester ,3,40000,2025/07/01,Not Egyption but site in egypt,Hybird,Full Time,,
1:33:57 م 2025/07/17,Senior Java Spring Boot Developer ,3,35000,2025/07/20,Not Egyption but site in egypt,Hybird,Full Time,Cairo ,
1:38:28 م 2025/07/17,Hr Specialist ,2,4000EGP,2025/07/01,Egyption,Remotley,Part Time,,
1:42:04 م 2025/07/17,Senior java experience ,9,90000,2025/07/17,Not Egyption and site out of egypt,Hybird,Full Time,Cairo,
1:46:19 م 2025/07/17,Senior Internal Auditor and Process Improvement  (Tech Industry),2,130000,2025/07/17,Egyptian but all work outside Egypt ,Remotley,Full Time,"Egypt , Dubai , USA , Qatar , Oman , Swaziland ",
1:47:50 م 2025/07/17,Android Developer,2,40K,2025/07/01,Not Egyption but site in egypt,On Site,Full Time,Cairo,
1:48:16 م 2025/07/17,Devops Engineer ,1,12500,2025/06/01,Egyption,Remotley,Full Time,Cairo ,
1:49:51 م 2025/07/17,RPA developer ,2,32000,2025/06/24,Not Egyption but site in egypt,Hybird,Full Time,Cairo,
1:55:17 م 2025/07/17,font end developer,2,23500,2025/05/04,Not Egyption but site in egypt,On Site,Full Time,mohandseen giza,
1:55:41 م 2025/07/17,Software engineer,1,18000,2025/03/01,Not Egyption and site out of egypt,Remotley,Full Time,Dubai,
2:05:43 م 2025/07/17,Flutter developer,4,28000,2025/06/25,Egyption,On Site,Full Time,Cairo,
2:03:02 م 2025/07/17,iOS developer ,3,30000,2024/05/01,Egyption,Remotley,Full Time,Cairo,
2:07:49 م 2025/07/17,.,.,1,1000/10/01,.,.,.,,
2:08:34 م 2025/07/17,.Net developer,1,14000,2025/01/01,Egyption,Remotley,Full Time,Madint Nasr,
2:10:30 م 2025/07/17,Devops Enginner,2,7000SAR,2025/07/18,Egyption,On Site,Full Time,"Jeddah, Saudi Arabia",
2:15:31 م 2025/07/17,Senior software ,7,1300 usd,2025/02/01,Not Egyption but site in egypt,Hybird,Full Time,Cairo ,
2:17:19 م 2025/07/17,IP Datacom customer support,2,28000,2025/07/25,Egyption,On Site,Full Time,Giza,
2:18:28 م 2025/07/17,Network Automation Engineer,2,3600 USD,2025/06/25,Not Egyption and site out of egypt,Remotley,Full Time,Warsaw,
2:22:44 م 2025/07/17,Network Engineer,2,15000,2025/06/25,Egyption,Hybird,Full Time,Giza,
2:22:37 م 2025/07/17,Web Developer,0,8500,2025/01/01,Egyption,Remotley,Full Time,,
2:36:40 م 2025/07/17,System Administrator ,4,33000,2025/07/17,Egyption,On Site,Full Time,Cairo ,
2:42:34 م 2025/07/17,Senior Data Analyst ,5,30000,2025/06/30,Egyption,On Site,Full Time,Cairo ,
2:44:53 م 2025/07/17,Android Developer,6,1602 USD,2025/07/17,Not Egyption but site in egypt,Remotley,Full Time,Riyadh,
2:46:37 م 2025/07/17,Flutter Developer,3,35000,1997/02/12,Not Egyption but site in egypt,Hybird,Full Time,Cairo,
2:51:43 م 2025/07/17,Data Engineering ,0,15000,2025/07/17,Egyption,On Site,Full Time,New Cairo ,
3:03:02 م 2025/07/17,SQL DBA | OCI admin,2,17000,2025/07/17,Egyption,On Site,Full Time,Cairo,
3:10:55 م 2025/07/17,Software Engineer,2.5,28000,2025/07/17,Not Egyption but site in egypt,Hybird,Full Time,,
3:13:02 م 2025/07/17,Flutter Developer ,2,8000,2025/07/17,Egyption,On Site,Full Time,UAE,
3:13:45 م 2025/07/17,Flutter Developer ,1.5,10500,2025/06/01,Egyption,On Site,Full Time,Saudi Arabia ,
3:13:52 م 2025/07/17,Senior Ruby On Rails engineer,9,$8200,2024/12/31,Not Egyption and site out of egypt,Remotley,Full Time,"Florida, US",
3:20:46 م 2025/07/17,associate cybersecurity consultant,2,40000,2025/07/17,Not Egyption but site in egypt,Hybird,Full Time,cairo,
3:21:13 م 2025/07/17,Mern-Stack Developer,2,20000,2025/07/01,Egyption,Remotley,Full Time,Cairo,
3:22:10 م 2025/07/17,Coding instructor,<1,15800,2001/07/01,Egyption,Remotley,Full Time,Cairo,
3:25:55 م 2025/07/17,AI & Data Science Engineer,< 1,10000,2025/02/15,Egyption,Hybird,Full Time,e& Egypt,
3:29:02 م 2025/07/17,Backend Engineer,2,45000,2025/01/01,Egyption,On Site,Full Time,Giza,
3:33:52 م 2025/07/17,Senior Software Engineer (Backend),5,2500 Euro,2025/07/26,Not Egyption but site in egypt,Hybird,Full Time,Munich,
3:47:37 م 2025/07/17,Senior dot net developer,6,65000,2025/01/01,Egyption,Remotley,Full Time,Cairo,
3:57:01 م 2025/07/17,Data Analyst,1,7800,2025/06/01,Egyption,Hybird,Full Time,Cairo,
3:57:34 م 2025/07/17,Data Analyst,1,12000,2025/06/01,Egyption,On Site,Full Time,Cairo,
3:58:15 م 2025/07/17,Data Analysis Instructor,2,18000,2025/06/01,Egyption,On Site,Full Time,Cairo,
4:23:55 م 2025/07/17,HR Generalist ,5,25000,2025/07/01,Not Egyption and site out of egypt,Remotley,Full Time,KSA,
4:33:39 م 2025/07/17,Frontend Developer,2,8000,2025/07/30,Not Egyption and site out of egypt,Remotley,Full Time,"United Kingdom, London",
4:39:00 م 2025/07/17,Full-Stack Java Developer ,2,1150 usd,2025/05/01,Egyption,Remotley,Full Time,Oman,
4:40:29 م 2025/07/17,Data Analyst,1.5,14000,2025/07/17,Egyption,On Site,Full Time,Cairo,
4:40:57 م 2025/07/17,Java Developer,2,45000,2025/07/01,Egyption,On Site,Full Time,Cairo,
4:44:03 م 2025/07/17,Front end team lead,10,165000,2025/01/01,Not Egyption but site in egypt,Remotley,Full Time,Riyadh,
4:49:06 م 2025/07/17,Fullstack developer ,3,8000,2025/05/01,Not Egyption and site out of egypt,Remotley,Full Time,London,
4:51:03 م 2025/07/17,Dig Data Engineer,1,30000,2025/08/03,Egyption,Hybird,Full Time,cairo,
4:52:05 م 2025/07/17,Project Manager,2,12000,2025/01/01,Egyption,Hybird,Full Time,Cairo,
5:05:40 م 2025/07/17,Data Analyst,1,20000,2025/06/01,Egyption,Hybird,Full Time,Cairo,
5:09:50 م 2025/07/17,.net developer,1,14000,2025/01/01,Egyption,Remotley,Full Time,cairo,
5:15:08 م 2025/07/17,BigData Engineer,1,30000,2025/08/03,Egyption,Hybird,Full Time,cairo,
5:29:17 م 2025/07/17,Senior product analyst ,3.6,55000,2025/07/01,Egyption,Hybird,Full Time,Cairo,
5:29:24 م 2025/07/17,iOS Developer,4,36K + insurance,2024/10/01,Egyption,Hybird,Full Time,Giza,
5:34:07 م 2025/07/17,Application support specialist,5,22000,2025/04/07,Egyption,Hybird,Full Time,Cairo,
5:38:46 م 2025/07/17,"C, cpp developer ",2,24000,2025/05/04,Egyption,On Site,Full Time,Cairo ,
5:40:28 م 2025/07/17,Full Stack .Net Developer,2,15000,2025/07/01,Egyption,Remotley,Full Time,cairo,
5:41:16 م 2025/07/17,Testing intern,0,200$,2025/06/01,Not Egyption but site in egypt,On Site,Full Time,New Cairo,
6:03:06 م 2025/07/17,Staff software developer,7,80000 net,2025/02/02,Egyption,Hybird,Full Time,Cairo ,
6:03:33 م 2025/07/17,Admin Officer,1,7500,2025/07/17,Egyption,On Site,Full Time,Ten's of Ramadan ,
6:05:08 م 2025/07/17,Tech lead manager,8,68000,2025/01/01,Egyption,Hybird,Full Time,Cairo,
6:15:01 م 2025/07/17,DevOps Engineer,5,2000 USD,2025/07/16,Not Egyption but site in egypt,Remotley,Full Time,Cairo,
6:16:37 م 2025/07/17,Backend developer ,1,3000,2025/07/01,Egyption,Remotley,Part Time,"Maadi, Cairo",
6:26:55 م 2025/07/17,Odoo developer ,1 year,4000 😅,2025/07/05,Egyption,Remotley,Full Time,Alexandria ,
6:46:57 م 2025/07/17,Senior PHP developer,5,2000 USD,2025/06/30,Not Egyption and site out of egypt,Remotley,Full Time,California ,
6:48:15 م 2025/07/17,Embedded Linux Engineer,1.5,23000,2025/03/01,Not Egyption but site in egypt,On Site,Full Time,Cairo,
7:26:22 م 2025/07/17,ML Intern,0,3000,2025/08/01,Egyption,Hybird,Full Time,Cairo,
7:33:33 م 2025/07/17,Technical Support Engineer,2,12000,2025/07/17,Egyption,Hybird,Full Time,Cario,
7:41:17 م 2025/07/17,UAT Senior Specialist,3,16٫8,2025/07/17,Egyption,Hybird,Full Time,Cairo,
7:42:02 م 2025/07/17,Senior Full Stack Engineer,4,40000,2024/12/15,Egyption,Hybird,Full Time,Cairo,
7:44:13 م 2025/07/17,Vue front-end developer ,4,22000,2025/04/01,Egyption,Hybird,Full Time,Cairo,
7:45:12 م 2025/07/17,Full stack developer,1,32,2025/08/01,Egyption,Hybird,Full Time,Cairo,
7:47:51 م 2025/07/17,Fullstack Developer (.NET/Angular),6,2200 usd,2025/01/01,Not Egyption but site in egypt,Remotley,Full Time,Riyadh,
7:52:43 م 2025/07/17,IT First Line ,2.5,17000,2025/03/01,Egyption,Hybird,Full Time,cairo,
8:00:26 م 2025/07/17,Data & AI Engineer,1,7500 AED ,2025/03/01,Not Egyption but site in egypt,On Site,Full Time,Cairo,
8:01:15 م 2025/07/17,Data & AI Engineer,1,30000,2025/07/17,Egyption,Hybird,Full Time,Cairo,
8:01:41 م 2025/07/17,Cluster revenue analyst ,3 years,1,2025/07/17,Egyption,On Site,Full Time,Cairo,
8:03:42 م 2025/07/17,React native developer,1,30000,2025/07/17,Egyption,Hybird,Full Time,Cairo,
8:13:19 م 2025/07/17,RA,0,8000,2025/07/17,Egyption,On Site,Full Time,,
8:45:06 م 2025/07/17,full stack sw eng,1+,48k,2025/07/10,Not Egyption but site in egypt,Hybird,Full Time,Cairo,
8:49:11 م 2025/07/17,Frontend Developer React,1,25000,2025/04/01,Not Egyption but site in egypt,Hybird,Full Time,Cairo,
9:05:27 م 2025/07/17,Fresh Data Engineer,3 months till now,15k,2001/09/04,Egyption,On Site,Full Time,cairo,
9:22:14 م 2025/07/17,Fullstack Developer,1,15000,2025/07/17,Egyption,Hybird,Full Time,,
9:27:23 م 2025/07/17,Fresh Data Engineer,3 months,15k,2025/06/27,Egyption,On Site,Full Time,cairo,
9:40:59 م 2025/07/17,Full stack software (.net and angular),2.8 ,680 usd ,2025/06/21,Egyption,Remotley,Full Time,Cairo ,
9:47:53 م 2025/07/17,Angular Developer,1,9000,2024/08/17,Egyption,Remotley,Full Time,,
9:53:10 م 2025/07/17,PHP Deveoper,4,1500 $,2025/01/01,Not Egyption and site out of egypt,Remotley,Full Time,US,
10:01:27 م 2025/07/17,Senior Open-Source VoIP System Engineer | Tier 3 Technical Support Engineer,12,3000(USD),2025/07/17,Not Egyption but site in egypt,Hybird,Full Time,Riyadh,
10:27:00 م 2025/07/17,Frontend Developer,2,500 usd,2025/07/17,Not Egyption and site out of egypt,Remotley,Full Time,Jordan ,
10:41:08 م 2025/07/17,Software Engineer,1,30000,2025/07/17,Egyption,Hybird,Part Time,Alexandria,
10:46:02 م 2025/07/17,Software Engineer 2 (Front-end Developer),4,€1300 Gross,2025/06/01,Not Egyption and site out of egypt,Remotley,Full Time,"Berlin, Germany",
10:51:26 م 2025/07/17,Full Stack Developer,2,500$,2025/07/20,Not Egyption and site out of egypt,Remotley,Full Time,Dynmark,
10:52:38 م 2025/07/17,Software Engineer,< 1,20000,2024/10/10,Egyption,Hybird,Part Time,Alexandria,
10:52:50 م 2025/07/17,Project Manager,15,60000,2025/07/17,Egyption,Hybird,Full Time,cairo,
10:58:12 م 2025/07/17,Structural Steel detailer,3.5,15000,1997/04/04,Egyption,On Site,Full Time,Alexandria,
11:06:04 م 2025/07/17,Frontend web developer ,1,15000,2025/07/15,"Startup in canada , but there’s no site just online work and the whole team from Egypt ",Remotley,Full Time,Monreal,
11:16:59 م 2025/07/17,Software Engineer (.NET stack),2,1300 USD,2025/07/17,Not Egyption and site out of egypt,Remotley,Full Time,USA,
11:39:40 م 2025/07/17,Junior data scientist ,1,23000,2025/03/15,Egyption,Hybird,Full Time,,
11:59:01 م 2025/07/17,DevOps Infrastructure ,2,62000,2025/07/28,Egyption,Hybird,Full Time,Cairo ,
12:03:18 ص 2025/07/18,Dotnet Developer,2.5,25000,2025/01/01,Egyption,Hybird,Full Time,Cairo,
12:11:32 ص 2025/07/18,Software tester,6,60000,2025/03/01,Egyption,Hybird,Full Time,Cairo,
12:42:36 ص 2025/07/18,Web Scraping Specialist ,5,1500 $,2023/03/15,Not Egyption and site out of egypt,Hybird,Full Time,Kuwait ,
12:53:11 ص 2025/07/18,DevOps Engineer,3.5,1500 USD,2025/06/30,Not Egyption but site in egypt,Hybird,Full Time,cairo,
12:54:54 ص 2025/07/18,BI analyst ,2,27000,2025/07/18,Egyption,Hybird,Full Time,Cairo ,
1:04:48 ص 2025/07/18,Resident engineer telecom company ,8,94000,2025/07/01,Egyption,Hybird,Part Time,Cairo,
1:09:53 ص 2025/07/18,Backend Engineer,5,2200 USD,2025/08/07,Not Egyption and site out of egypt,Remotley,Full Time,KSA,
1:17:55 ص 2025/07/18,Senior Data Engineer ,3,57000,2025/07/18,Egyption,Hybird,Full Time,Cairo,
1:19:02 ص 2025/07/18,Senior Penetration Tester,3,60,2025/07/01,Not Egyption but site in egypt,Hybird,Full Time,Cairo,
1:30:25 ص 2025/07/18,Devops engineer ,1,16500,2025/07/25,Egyption,On Site,Full Time,Alexandria ,
1:53:18 ص 2025/07/18,full Stack Developer,1.5,4000,2025/07/17,morocco,On Site,Full Time,rabat,
2:18:41 ص 2025/07/18,Senuor java fullstack,10,120000,2025/06/01,Egyption,Hybird,Full Time,Cairo,
2:20:14 ص 2025/07/18,Senior java fullstack,10,120000,2025/06/01,Egyption,Hybird,Full Time,Cairo,
2:34:44 ص 2025/07/18,Senior Software Engineer,4,85000,2025/07/18,Egyption,Remotley,Full Time,Cairo,
2:59:27 ص 2025/07/18,UX intern ,1,5000 egp,2025/07/01,Not Egyption but site in egypt,Hybird,Full Time,Cairo ,
3:05:37 ص 2025/07/18,Telecom Engineer ,1.5,12000,2025/01/31,Egyption,On Site,Full Time,Cairo ,
6:10:03 ص 2025/07/18,Demand planner - Retail,2,28000,2025/06/01,Egyption,Hybird,Full Time,Cairo,
6:28:45 ص 2025/07/18,Industrial Automation Engineer (Oil&gas) sector,1.5,47500,2025/06/30,Egyption,On Site,Full Time,Cairo,
6:47:56 ص 2025/07/18,Software Test Engineer,2,35000,2025/08/01,Not Egyption but site in egypt,Hybird,Full Time,Cairo,
7:48:51 ص 2025/07/18,Java and Angular Fullstack Developer ,2.5,65000,2025/07/01,Not Egyption but site in egypt,Hybird,Full Time,Cairo ,
9:11:55 ص 2025/07/18,BI Analyst,4,23000,2025/07/28,Not Egyption but site in egypt,Remotley,Full Time,Cairo,
9:17:46 ص 2025/07/18,JAVA developer ,3,55000,2025/07/18,Not Egyption but site in egypt,Hybird,Full Time,UK - Cairo - Germany,
10:16:44 ص 2025/07/18,Android ,2,25k,2025/07/18,Egyption,Hybird,Full Time,Cairo 5th settlement ,
10:51:52 ص 2025/07/18,Data analytics Consultant,4,50000,2025/01/01,Not Egyption but site in egypt,Hybird,Full Time,"Cairo, multinational HQ Itlay",
11:16:35 ص 2025/07/18,. Net developer,6 months,13000,2025/07/18,Egyption,On Site,Full Time,Cairo,
11:50:17 ص 2025/07/18,Senior backend developer ,3,50000,2025/07/18,Egyption,Hybird,Full Time,Cairo,
12:13:19 م 2025/07/18,Laravel Developer,1,20000,2025/07/20,Egyption,Remotley,Full Time,Saudi Arabia ,
12:36:20 م 2025/07/18,Data Analyst,2.5,32000,2025/01/01,Egyption,Hybird,Full Time,Cairo,
12:49:28 م 2025/07/18,Software Engineer ,5,100000,2025/07/25,Not Egyption but site in egypt,Hybird,Full Time,Cairo,
12:54:33 م 2025/07/18,CTO,18,3800EUR,2025/07/18,Not Egyption but site in egypt,On Site,Full Time,Cairo,
1:07:24 م 2025/07/18,Full stack Java and React,4,2900 euro,2025/05/05,Not Egyption and site out of egypt,Remotley,Full Time,Berlin,
1:44:06 م 2025/07/18,UX/UI Designer,1.5,8000,2025/05/31,Egyption,On Site,Full Time,Cairo,
2:02:47 م 2025/07/18,DevOps Engineer ,2,60000,2025/04/01,Egyption,Hybird,Full Time,Cairo ,
2:06:57 م 2025/07/18,Android developer ,6,65,2025/05/01,Not Egyption but site in egypt,Hybird,Full Time,Alexandria ,
2:23:13 م 2025/07/18,Backend Engineer,2,45000,2025/01/01,Egyption,On Site,Full Time,Giza,
2:49:58 م 2025/07/18,Software Engineer,0 (~1),~2500 USD (2496 USD),2025/07/18,Not Egyption and site out of egypt,Remotley,Full Time,USA,
3:19:55 م 2025/07/18,Presales ,2 month ,6000,2025/07/18,Egyption,On Site,Full Time,Cairo,
3:24:58 م 2025/07/18,FullStack .NET Developer,Fresh +ITI,15K,2025/06/15,Egyption,On Site,Full Time,Cairo,
3:43:49 م 2025/07/18,Senior software engineer ,6,4000 EUR,2023/08/01,Not Egyption and site out of egypt,Remotley,Full Time,Zurich,
4:21:05 م 2025/07/18,Data Scientist,3,81000,2025/01/01,Not Egyption but site in egypt,Hybird,Full Time,Cairo,
4:33:49 م 2025/07/18,Supervisor Telesales ,7,12000,2025/07/18,Egyption,On Site,Full Time,Cairo,
4:37:24 م 2025/07/18,Senior Flutter Developer,5,$1500,2025/06/01,Not Egyption and site out of egypt,Remotley,Full Time,US,
5:13:00 م 2025/07/18,Data analyst purchasing,2,42000,2025/07/16,Not Egyption but site in egypt,Hybird,Full Time,Germany,
5:19:51 م 2025/07/18,Data Analyst,1,15000,2025/08/01,Egyption,On Site,Full Time,New Cairo,
5:22:48 م 2025/07/18,Maintenance planning engineer,0,12000,2025/07/18,Not Egyption but site in egypt,On Site,Full Time,,
5:26:36 م 2025/07/18,Technical Support Manager ,4,24150,2025/01/01,Not Egyption but site in egypt,On Site,Full Time,AL- Sheikh Zayed ,
5:52:27 م 2025/07/18,Sr. Frontend developer,3.6,950 usd,2025/01/01,Not Egyption but site in egypt,Remotley,Full Time,,
6:03:27 م 2025/07/18,Java developer ,1,18000,2025/07/18,Egyption,Remotley,Full Time,Alexandria ,
6:13:39 م 2025/07/18,Full stack Engineer,2,500 $,2024/08/01,Egyption,On Site,Full Time,Alexandria,
6:27:35 م 2025/07/18,AI Engineer,4,1150,2025/01/01,Not Egyption but site in egypt,On Site,Full Time,Giza,
6:32:39 م 2025/07/18,AI Engineer ,4,57000,2025/01/01,Not Egyption but site in egypt,On Site,Full Time,Giza,
6:35:17 م 2025/07/18,Software QC Engineer,0.5,25000,2025/07/29,Not Egyption but site in egypt,Hybird,Full Time,Cairo,
6:36:01 م 2025/07/18,Software Testing Engineer,0.5,9000,2025/07/01,Not Egyption but site in egypt,Hybird,Part Time,Cairo,
7:16:26 م 2025/07/18,Full stack.net developer,2.5,25,2025/05/01,Egyption,Hybird,Full Time,Cairo,
7:56:37 م 2025/07/18,Flutter Dev,1,15000,2025/07/18,Not Egyption and site out of egypt,Remotley,Full Time,UK,
8:07:45 م 2025/07/18,Data Scientist,3,30000,2025/07/18,Egyption,On Site,Full Time,,
8:16:31 م 2025/07/18,Accountant,1.5,11٫5,2025/06/25,Egyption,On Site,Full Time,Cairo,
10:14:44 م 2025/07/18,Automotive Embedded Software Test Engineer ,4,75000,2025/06/26,Not Egyption but site in egypt,Hybird,Full Time,,
10:19:51 م 2025/07/18,Full stack software engineer ,3,42k,2025/01/30,Egyption,Remotley,Full Time,Cairo,
10:29:38 م 2025/07/18,Android Developer,1,25 K,2025/07/18,Egyption,Hybird,Full Time,Cairo,
10:46:49 م 2025/07/18,Frontend developer React Nextjs ,3,1000 USD,2025/07/18,Not Egyption and site out of egypt,Remotley,Full Time,Dubai ,
10:47:57 م 2025/07/18,Frontend developer React ,3,15000 EGP ,2025/07/18,Not Egyption and site out of egypt,Remotley,Part Time,Jordan,
11:06:59 م 2025/07/18,Data Engineer,3,100000 EGP,2025/01/23,Not Egyption but site in egypt,Hybird,Full Time,Cairo,
11:44:16 م 2025/07/18,Frontend Developer ,2,24000,2024/08/20,Not Egyption and site out of egypt,Remotley,Full Time,Dubai,
11:49:43 م 2025/07/18,Senior DevOps Engineer,2,60000,2025/08/01,Egyption,Hybird,Full Time,Cairo,
12:05:30 ص 2025/07/19,RnD computer vision engineer,1.5,17250,2025/07/19,Egyption,Remotley,Part Time,Cairo,
12:08:36 ص 2025/07/19,IT Technical help desk support ,2,10k,2025/04/01,Not Egyption but site in egypt,On Site,Full Time,Cairo,
12:28:06 ص 2025/07/19,Surveying engineer ,2,6900,2025/06/25,Egyption,On Site,Full Time,Cairo ,
12:33:41 ص 2025/07/19,NLP R&D engineer ,1,35000,2025/07/19,Egyption,On Site,Full Time,Alexandria ,
12:34:15 ص 2025/07/19,React Native developer,1,12000,2025/08/01,Egyption,On Site,Full Time,cairo,
12:39:15 ص 2025/07/19,Frontend developer React,6 month,8000,2025/07/01,Egyption,Remotley,Part Time,Cairo,
12:48:39 ص 2025/07/19,Software Engineer,1,17000,2025/07/19,Egyption,On Site,Full Time,Cairo,
2:30:40 ص 2025/07/19,Soc analyst t 1,3 years,30 k ,2025/01/01,Egyption,Hybird,Full Time,Cairo,
4:29:45 ص 2025/07/19,Node.js developer,1,6000,2024/11/10,Egyption,Remotley,Full Time,Alexandria ,
4:58:48 ص 2025/07/19,"Senior MLOps, Senior AI",5,80000,2025/06/24,Not Egyption but site in egypt,Hybird,Full Time,Cairo,
7:30:48 ص 2025/07/19,Software Development and Cybersecurity Specialist,1,40000,2025/07/19,Egyption,Remotley,Full Time,Cairo,
7:39:44 ص 2025/07/19,Backend Developer PHP/Laravel,1.5,13500,2025/07/01,Egyption,Hybird,Full Time,"Digla, Maadi",
8:15:32 ص 2025/07/19,Fullstack .net developer,0,21000,2025/07/31,Not Egyption but site in egypt,Hybird,Full Time,cairo,
8:55:32 ص 2025/07/19,Senior SOC Analyst,5,65K,2025/07/19,Egyption,On Site,Full Time,Cairo,
9:33:11 ص 2025/07/19,C++ software engineer ,1.5,27750,2025/07/01,Egyption,Remotley,Full Time,Cairo,
9:41:31 ص 2025/07/19,.net developer,2.5,20k,2025/06/22,Egyption,Hybird,Full Time,cairo,
10:04:07 ص 2025/07/19,Software Engineer,2,12000,2025/07/19,Egyption,On Site,Full Time,Cairo,
10:57:16 ص 2025/07/19,QA Intern,0,350 USD,2025/07/19,Not Egyption but site in egypt,Hybird,Full Time,Cairo,
11:26:37 ص 2025/07/19,Front end developer,3,50000,2025/01/01,Egyption,Hybird,Full Time,Cairo,
12:35:35 م 2025/07/19,PHP Deveoper,3,30000,2025/02/18,Not Egyption and site out of egypt,Remotley,Part Time,ryadii,
1:31:49 م 2025/07/19,Infrastructure Manager,10,45000,2025/07/15,Not Egyption but site in egypt,On Site,Full Time,Alexandria,
2:11:16 م 2025/07/19,react js developer,3,55k,2024/11/01,Not Egyption but site in egypt,Hybird,Full Time,cairo,
2:11:48 م 2025/07/19,Product Manager,3,55000,2025/06/27,Egyption,On Site,Full Time,Cairo ,
2:32:42 م 2025/07/19,Android Developer ,2.5 ,40000,2025/01/01,Not Egyption but site in egypt,Hybird,Full Time,Cairo,
3:14:40 م 2025/07/19,Frontend Developer ,6,24000,2025/05/01,Not Egyption but site in egypt,Remotley,Full Time,Riyadh,
3:46:21 م 2025/07/19,PHP Deveoper,6,45000,2025/01/01,Egyption,Remotley,Full Time,cairo,
4:14:33 م 2025/07/19,Node.js developer ,3,100000,2024/05/01,Not Egyption but site in egypt,Hybird,Full Time,Cairo,
4:30:57 م 2025/07/19,Full stack web developer ,3.5,30,2025/07/19,Egyption,On Site,Full Time,,
4:53:20 م 2025/07/19,Senior FrontEnd (React and React Native),6,1200 usd+150 usd kpis/month paid every 3 month,2025/06/15,Not Egyption but site in egypt,Hybird,Full Time,Saudia,
5:09:20 م 2025/07/19,PHP Deveoper,1.5,11000,2025/07/01,Egyption,On Site,Full Time,"giza , egypt",
5:17:36 م 2025/07/19,Data engineer ,2,37000,2025/07/19,Egyption,Hybird,Full Time,Cairo,
5:46:29 م 2025/07/19,Senior Software Engineer ,3,45000,2025/08/01,Egyption,Hybird,Full Time,"6 October, Giza",
6:43:16 م 2025/07/19,Dot net developei,8,2000 usd,2025/03/23,Not Egyption and site out of egypt,Remotley,Full Time,Ryad,
6:48:56 م 2025/07/19,Software Engineer,0.5,25000,2025/06/30,Not Egyption but site in egypt,Remotley,Full Time,Cairo,
6:57:48 م 2025/07/19,Frontend Developer,1,12000,2025/07/09,Egyption,Remotley,Full Time,No office ,
7:36:01 م 2025/07/19,Mid-Level DevOps Engineer,2.5,25,2025/07/26,Egyption,Remotley,Full Time,Alex,
7:39:39 م 2025/07/19,Backend developer (django+nestjs),2,200$,2025/07/19,Egyption,Remotley,Full Time,Cairo,
7:42:03 م 2025/07/19,Data Scientist,4,95000,2025/07/19,Not Egyption and site out of egypt,Hybird,Full Time,Riyadh,
8:42:41 م 2025/07/19,Clinical engineer ,1,5000,2024/07/21,Egyption,On Site,Full Time,Cairo ,
9:16:30 م 2025/07/19,Senior Frontend Developer ,6,100000,2025/07/10,Not Egyption but site in egypt,Remotley,Full Time,Cairo,
9:58:29 م 2025/07/19,Electrical Maintenance Engineer ,5,18000,2025/07/19,Egyption,On Site,Full Time,10th of Ramadan city,
10:38:17 م 2025/07/19,Senior .net developer ,5,100000,2025/01/01,Egyption,Remotley,Full Time,,
12:13:17 ص 2025/07/20,Senior Front-End,5,$1200,2024/12/20,Egyption,Remotley,Full Time,KSA,
12:31:46 ص 2025/07/20,Software engineer(backend),8,174000,2025/01/20,Not Egyption and site out of egypt,On Site,Full Time,Amman,
12:55:19 ص 2025/07/20,Software engineer machine learning ,0,25000,2025/07/20,Not Egyption but site in egypt,Hybird,Full Time,Cairo,
5:24:09 ص 2025/07/20,Senior Data Analyst ,6,1470 USD,2025/07/25,Not Egyption but site in egypt,Remotley,Full Time,Riyadh,
5:27:28 ص 2025/07/20,Senior Software Engineer,10,"Net Monthly 105,000. With bonuses at year end. 130000",2025/07/20,Not Egyption but site in egypt,Hybird,Full Time,Cairo,
9:18:48 ص 2025/07/20,Broadcast engineer ,0 (3 months),12000,2025/07/20,Egyption,On Site,Full Time,Cairo,
10:17:58 ص 2025/07/20,Operation Analyst,1,15000,2025/07/20,Egyption,On Site,Full Time,Cairo,
11:53:25 ص 2025/07/20,Senior C++ Engineer,8,140000,2023/03/01,Not Egyption but site in egypt,Hybird,Full Time,Cairo,
12:14:15 م 2025/07/20,Frontend Developer,5,1550,2025/07/29,Not Egyption but site in egypt,Remotley,Full Time,cairo,
3:26:30 م 2025/07/20,Junior data analyst ,1 year,6000,2025/01/01,Egyption,Hybird,Full Time,Cairo,
6:39:45 م 2025/07/20,Fullstack developer,3,20000,2025/06/30,Egyption,Hybird,Full Time,Cairo,
7:30:01 م 2025/07/20,Python Dev,2.5,1000$,2025/07/01,Not Egyption and site out of egypt,Remotley,Full Time,Riyadh ,
9:28:38 م 2025/07/20,Backend Developer,2,18000,2025/06/01,Egyption,Hybird,Full Time,New cairo,
9:38:32 م 2025/07/20,Data modeler,2, Net:35K,2025/07/20,Egyption,Hybird,Full Time,Cairo ,
10:02:04 م 2025/07/20,Data Analyst,2,35000,2025/04/15,Not Egyption but site in egypt,Hybird,Full Time,Cairo,
12:01:05 ص 2025/07/21,Backend developer ,1,20000,2025/07/21,Egyption,Hybird,Full Time,Giza,
12:35:24 م 2025/07/21,sap abap developer,1,30000,2025/07/25,Not Egyption but site in egypt,Hybird,Full Time,6 october,
2:52:14 م 2025/07/21,Data Analyst,1,10000,2025/07/21,Not Egyption but site in egypt,Hybird,Full Time,California,
3:14:48 م 2025/07/21,Operational analyst,1,17000,2025/05/15,Egyption,Hybird,Full Time,Cairo maadi,
6:27:20 م 2025/07/21,Network engineer ,5,55000,2025/07/28,Egyption,Hybird,Full Time,,
7:00:24 م 2025/07/21,Senior DevOps,1,35000,2025/01/01,Egyption,On Site,Full Time,,
7:18:41 م 2025/07/21,Ai RnD Engineer,0,4000,2025/07/21,Not Egyption but site in egypt,On Site,Full Time,Cairo,
8:41:11 م 2025/07/21,Flutter Developer,3,10000,2025/06/01,Egyption,Remotley,Full Time,cairo,
9:26:45 م 2025/07/21,Associate android software engineer ,1,30000,2025/07/21,Egyption,Hybird,Full Time,Cairo ,
9:27:10 م 2025/07/21,Android Developer Trainee,3 months,6000,2025/07/21,Egyption,Hybird,Full Time,cairo,
9:28:29 م 2025/07/21,Flutter Developer ,2,12000,2025/07/21,Egyption,Hybird,Full Time,Alexandria,
10:22:06 م 2025/07/21,Golang developer ,2,18k,2025/07/21,Egyption,On Site,Full Time,Shrouk,
10:41:39 م 2025/07/21,.Net Developer,2,35k,2025/05/22,Egyption,Hybird,Full Time,Giza,
11:04:17 م 2025/07/21,C# & Go Developer,9,40,2025/06/01,Egyption,On Site,Full Time,Cairo,
11:06:06 م 2025/07/21,C# & Go Developer,9,40000,2025/06/01,Egyption,On Site,Full Time,Cairo,
1:51:39 ص 2025/07/22,Cloud administrator,3,28000,2025/01/01,Egyption,Hybird,Full Time,Cairo,
2:27:26 ص 2025/07/22,.net developer ,6 mo,17k,2025/07/16,Egyption,Hybird,Full Time,Cairo ,
4:35:39 ص 2025/07/22,Senior Flutter developer ,5,2000 USD,2025/07/22,Egyption,Hybird,Full Time,,
7:14:23 ص 2025/07/22,Flutter Developer ,1,8k,2025/07/22,Egyption,On Site,Full Time,Cairo,
8:28:29 ص 2025/07/22,Flutter Developer ,1.5,20000,2025/07/22,Egyption,Remotley,Full Time,Cairo ,
9:11:19 ص 2025/07/22,Business Developer ,4,8000,2025/05/13,Egyption,On Site,Full Time,Alexandria,
9:22:14 ص 2025/07/22,AMS Layout Design Engineer,5 months,1000$ gross,2025/07/22,Egyption,Hybird,Full Time,cairo,
10:08:48 ص 2025/07/22,Senior Project manager ,10,105000,2025/07/01,Not Egyption but site in egypt,Hybird,Full Time,Cairo,
10:27:22 ص 2025/07/22,Data Analyst,-1,16000,2025/07/22,Egyption,Hybird,Full Time,Cairo,
11:41:47 ص 2025/07/22,NLP Engineer ,6,$1650,2025/07/30,Not Egyption but site in egypt,Hybird,Full Time,Cairo ,
11:53:45 ص 2025/07/22,Sr. UI/UX designer | Product designer ,5,1100,2025/07/22,Egyption,Remotley,Full Time,Cairo ,
4:10:04 م 2025/07/22,BI & Data Engineer Specialist,6,50k,2025/01/01,Egyption,Remotley,Full Time,Cairo,
4:19:36 م 2025/07/22,Data Engineer,5,40000,2025/04/01,Egyption,Remotley,Full Time,Cairo,
4:45:16 م 2025/07/22,iOS developer ,1,25000,2025/07/01,Egyption,Hybird,Full Time,,
6:05:29 م 2025/07/22,Senior Java Developer,5,85000,2025/07/01,Egyption,Hybird,Full Time,Cairo,
9:57:05 م 2025/07/22,Flutter ,2,25k,2025/07/22,Not Egyption and site out of egypt,Remotley,Full Time,Saudi Arabia ,
2:17:20 ص 2025/07/23,"Backend and DevOps Engineer (NodeJS, Java, AWS, Terraform)",3,42000,2025/07/23,Fully remote operations,Remotley,Full Time,,
2:31:10 م 2025/07/23,Flutter Developer,2,22000,2025/01/01,Egyption,On Site,Full Time,Cairo,
5:48:16 م 2025/07/23,. Net Developer ,2,400 USD,2025/07/07,Not Egyption and site out of egypt,Remotley,Full Time,Riyadh ,
10:27:47 م 2025/07/23,Software quality control,1.5,20000,2025/06/01,Egyption,Remotley,Full Time,Cairo,
10:31:58 م 2025/07/23,Senior PHP Developer,+4,45000,2025/07/01,Not Egyption but site in egypt,On Site,Full Time,Cairo,
10:33:22 م 2025/07/23,PHP Developer,4,25000,2025/07/23,Egyption,On Site,Full Time,Cairo,
1:35:21 ص 2025/07/24,Flutter Developer,2,10000,2025/04/01,Egyption,Remotley,Full Time,Cairo,
2:26:22 م 2025/07/24,Quality assurance officer,0,6500,2025/07/24,Egyption,Remotley,Full Time,"Alexandria, Egypt ",
5:23:01 م 2025/07/24,.net Developer ,2,25000,2025/07/31,Egyption,On Site,Full Time,Cairo,
5:55:11 م 2025/07/24,Front end developer react,1,8000,2024/12/10,Egyption,Hybird,Part Time,Cairo ,
6:20:12 م 2025/07/24,UI UX Designer ,1 year,6000,2025/03/01,Egyption,On Site,Full Time,Mansoura ,
6:49:49 م 2025/07/24,Frontend,1,15000,2025/01/25,Not Egyption but site in egypt,On Site,Full Time,,
6:54:30 م 2025/07/24,Laravel ,1,12000,2024/12/08,Egyption,On Site,Full Time,Cairo,
7:07:36 م 2025/07/24,Frontend React Developer,1,15000,2025/07/24,Egyption,On Site,Full Time,Cairo,
7:48:04 م 2025/07/24,Node js developer ,1,10000,2025/04/16,Egyption,On Site,Full Time,,
8:40:22 م 2025/07/24,Front end developer ,0,7500,2025/07/24,Egyption,Hybird,Full Time,Cairo ,
8:49:46 م 2025/07/24,Front end developer ,0,15000,2025/07/24,Egyption,Hybird,Full Time,Cairo,
12:57:11 ص 2025/07/25,Front end ,1,10000,2025/07/25,Egyption,Anything ,Anything ,Alexandria ,
3:55:51 ص 2025/07/25,Senior front end ,6,1600 usd,2025/07/25,Not Egyption but site in egypt,On Site,Full Time,"Cairo, dubai",
4:36:24 ص 2025/07/25,Php developer ,3,15000,2025/07/08,Egyption,On Site,Full Time,Cairo,
9:48:41 ص 2025/07/25,Fullstack developer (.net/angular),3,1000,2023/04/01,Not Egyption but site in egypt,Hybird,Full Time,Cairo,
2:41:54 م 2025/07/25,It system administrator ,6,14000,2025/07/25,Egyption,On Site,Full Time,Cairo,
4:55:12 م 2025/07/25,DevOps engineer,1,25000,2025/06/01,Egyption,Hybird,Full Time,Cairo,
5:22:28 م 2025/07/25,Software Engineer,3,80000,2025/01/01,Not Egyption but site in egypt,Hybird,Full Time,Cairo,
9:13:51 م 2025/07/25,Data Admin,3,34k,2025/07/25,Egyption,Hybird,Full Time,Cairo,
5:08:56 م 2025/07/26,Frontend developer III ,2,40000,2024/10/27,Egyption,Hybird,Full Time,Cairo,
5:58:51 م 2025/07/26,Computer Vision Engineer ,1,18000,2025/07/26,Egyption,On Site,Full Time,,
10:55:53 م 2025/07/26,Billing Analyst,6,24400,2025/07/27,Not Egyption but site in egypt,Hybird,Full Time,Egypt;UK;Germany;India;Hungarian;Romania;Turkey,
12:56:48 م 2025/07/27,Flutter Developer,0,10000,2025/07/27,Egyption,On Site,Full Time,Cairo,
4:49:45 ص 2025/07/28,Operations team leader in BPO call centre,2 years,22000,2025/07/30,Not Egyption but site in egypt,On Site,Full Time,Cairo,
8:23:15 ص 2025/07/28,Advanced Services Engineer,3,30,2025/08/23,Not Egyption but site in egypt,On Site,Full Time,Cairo,
8:59:31 ص 2025/07/28,Senior embedded software engineer ,6.5,75000,2025/06/28,Egyption,Hybird,Full Time,Cairo,
9:23:51 ص 2025/07/28,Senior CRM developer,4,40000,2025/07/28,Egyption,Remotley,Full Time,Cairo ,
10:55:50 ص 2025/07/28,Oracle developer ,4,50000,2025/01/01,Egyption,On Site,Full Time,6 October ,
12:03:16 م 2025/07/28,Application Support Specialist,1.5,14500,2025/07/28,Egyption,On Site,Full Time,Cairo,
3:35:58 م 2025/07/28,Java Developer,2,70000,2025/07/28,Not Egyption but site in egypt,Hybird,Full Time,Cairo,
8:20:02 م 2025/07/28,Software engineer (full stack),4,95000,2025/07/25,Not Egyption but site in egypt,Hybird,Full Time,Cairo,
10:50:38 م 2025/07/28,Microsoft Dynamics CRM Team lead,10,"33,000 Dirham",2025/08/01,Not Egyption and site out of egypt,On Site,Full Time,Abu Dhabi,
6:37:32 ص 2025/07/29,Seniro Software Engineer,10,40000,2025/07/29,Not Egyption but site in egypt,On Site,Full Time,Cairo,
8:15:44 ص 2025/07/29,Senior .Net Backend Engineer,15,90000 EGP,2025/07/27,Not Egyption but site in egypt,On Site,Full Time,Cairo,
3:09:29 ص 2025/07/30,Embedded Software Engineer ,0,15800,2025/02/01,Egyption,Hybird,Full Time,new capital,
2:22:07 م 2025/07/30,Backend developer,1,36000,2025/07/28,Egyption,Hybird,Full Time,Cairo ,
1:09:50 م 2025/07/31,Backend engineer node.js,2,20000,2025/03/02,Egyption,Hybird,Full Time,Cairo,
2:31:24 م 2025/07/31,Senior .net developer,5,64000,2025/07/28,Egyption,Hybird,Full Time,Cairo,
5:36:23 ص 2025/08/01,Mid-level .NET Developer,3,38770,2025/07/24,Not Egyption but site in egypt,Hybird,Full Time,Cairo,
11:10:55 ص 2025/08/01,.Net Deveoper,2,20000,2025/01/01,Not Egyption and site out of egypt,Remotley,Full Time,Al Riyadh,
11:15:22 ص 2025/08/01,Java developer,1,27000,2025/08/01,Egyption,Hybird,Full Time,"Smart village, giza",
4:28:18 م 2025/08/01,Java developer ,5,1200$,2025/08/01,Not Egyption but site in egypt,Remotley,Full Time,Saudi Arabia ,
8:22:54 م 2025/08/01,Data engineer ,0,15000,2025/07/01,Egyption,Hybird,Full Time,Cairo ,
8:33:51 م 2025/08/01,Senior fullstack developer,2,6000,2025/08/28,Egyption,Hybird,Full Time,Cairo,
11:36:19 م 2025/08/01,Biomedical Engineer,3,23000,2025/08/01,Not Egyption but site in egypt,On Site,Full Time,"Cairo, Head office in Riyadh ",
11:48:55 م 2025/08/01,.NET Developer,2,8000,2025/07/01,Egyption,Hybird,Full Time,,
2:55:21 ص 2025/08/02,graphic designer,1,3500,2025/08/02,I don't own a company ,Any of them? ,Part Time,Alexandria ,
4:49:12 ص 2025/08/02,Back End Engineer php laravel,2.5,24200,2025/08/02,Not Egyption but site in egypt,On Site,Full Time,Cairo,
1:01:03 م 2025/08/02,Frontend Software Engineer,2 months,500USD,2025/06/11,Not Egyption and site out of egypt,Remotley,Full Time,"Amman, Jordan",
1:02:00 م 2025/08/02,Frontend React Developer,5 months,15000 EGP,2025/03/01,Egyption,Remotley,Full Time,6th October,
5:09:23 م 2025/08/02,Cost Control Engineer,4,28500,2025/07/31,Egyption,On Site,Full Time,"New Cairo, Egypt",
6:15:53 م 2025/08/02,Software developer(.net),2,21000,2025/05/01,Egyption,Hybird,Full Time,Cairo ,
8:13:38 م 2025/08/02,Senior MLOps ,5.5,85000,2025/07/22,Not Egyption but site in egypt,Hybird,Full Time,Cairo,
9:16:56 م 2025/08/02,Android Developer,5,80000,2025/08/01,Not Egyption and site out of egypt,Remotley,Full Time,,
12:38:04 ص 2025/08/03,Fullstack developer,0,12,2025/08/03,Egyption,On Site,Full Time,Cairo,
1:28:58 ص 2025/08/03,Bioinformatics Engineer,3,13000,2025/08/02,Not Egyption but site in egypt,Hybird,Full Time,Cairo AUC,
8:24:24 ص 2025/08/03,.NET Developer ,1,12000,2025/08/03,Egyption,Hybird,Full Time,Cairo ,
9:05:54 ص 2025/08/03,Data engineer ,3,55000,2025/07/25,Not Egyption but site in egypt,Hybird,Full Time,Cairo,
9:49:55 ص 2025/08/03,ML Engineer,0,21000,2025/08/03,Egyption,Hybird,Full Time,,
12:22:11 م 2025/08/03,software test engineer,2,18000,2025/08/01,Not Egyption but site in egypt,On Site,Full Time,cairo,
1:42:08 م 2025/08/03,Data engineer,2,40000,2025/08/03,Not Egyption but site in egypt,Hybird,Full Time,cairo,
2:46:43 م 2025/08/03,Back end ,2,25000,2024/08/03,Egyption,Hybird,Full Time,Cairo,
3:27:16 م 2025/08/03,Flutter Developer,5,50K,2025/01/03,Egyption,Hybird,Full Time,,
6:48:23 م 2025/08/03,Technical support ,0,50000,2025/07/01,Egyption,Hybird,Full Time,Maadi ,
7:57:48 ص 2025/08/04,Civil estimation engineer,10,42000,2025/07/30,Egyption,On Site,Full Time,Cairo,
11:08:55 ص 2025/08/04,QC team leader,4,75000,2025/01/01,Not Egyption but site in egypt,Hybird,Full Time,Riyadh,
3:25:02 م 2025/08/04,Scrum Master,1,15000,2025/06/15,Egyption,Hybird,Full Time,Cairo,
4:15:15 م 2025/08/04,.Net Developer,Fresh,12000,2024/10/10,Not Egyption but site in egypt,On Site,Full Time,Cairo,
11:03:30 م 2025/08/04,Data analyst,3,80000,2025/02/01,Not Egyption but site in egypt,Remotley,Full Time,Dubai,
12:33:32 ص 2025/08/05,Android developer,1.5,25k,2025/08/05,Egyption,Hybird,Full Time,Cairo,
5:17:51 ص 2025/08/05,Android Developer,1,30000,2025/08/05,Egyption,Hybird,Full Time,"Smart Village, Giza, Egypt",
6:20:26 ص 2025/08/05,flutter developer,1,300$,2025/08/05,Not Egyption but site in egypt,Remotley,Full Time,,
3:16:45 م 2025/08/05,Accountant ,1,7000,2025/08/05,Egyption,On Site,Full Time,6th October Giza,
7:31:24 م 2025/08/05,Embedded SW Engineer,3,1550 USD,2025/07/01,Egyption,Hybird,Full Time,cairo,
3:44:02 م 2025/08/06,Digital Design ,8,2500$,2025/08/06,Egyption,Hybird,Full Time,Cairo,
4:28:35 م 2025/08/06,Front-End Developer (native),1.5,12000,2024/07/01,Egyption,Remotley,Full Time,Cairo,
8:56:26 م 2025/08/06,Backend engineer ,4,80000,2025/03/05,Egyption,Hybird,Part Time,Cairo ,
4:00:41 م 2025/08/07,Integration Engineer (Java),0,"10,000 EGP",2025/03/01,Egyption,Hybird,Full Time,...,
4:43:41 م 2025/08/07,Wordpress developer,5,3000 USD,2025/08/07,Egyption,Remotley,Part Time,Cairo,
5:19:37 م 2025/08/07,Group Product Manager,9,5600 USD,2025/08/01,Not Egyption but site in egypt,Remotley,Full Time,,
5:25:39 م 2025/08/07,Senior full stack engineer ,7,60000,2025/03/01,Not Egyption but site in egypt,On Site,Full Time,,
5:34:57 م 2025/08/07,Business developer ,2,11000,2025/08/07,Egyption,Remotley,Full Time,Cairo,
6:14:25 م 2025/08/07,Teaching Assistant,2,16000,2025/08/01,Egyption,On Site,Full Time,Cairo,
6:39:48 م 2025/08/07,Mid-Level Software Engineer (Django/Python),4,22000 EGP,2024/01/01,Egyption,Hybird,Full Time,Cairo,
6:46:26 م 2025/08/07,Django Developer,4,23000,2023/11/01,"Egyptian but have offices in Egypt, KSA, the UAE, and others",Hybird,Full Time,Cairo,
7:37:10 م 2025/08/07,Unity game developer,Less than a year,10000,2025/07/28,Not Egyption and site out of egypt,Remotley,Full Time,Jordan,
7:39:16 م 2025/08/07,Unreal developer (Game Developer),0,500$,2025/08/01,Not Egyption and site out of egypt,Remotley,Full Time,UAE,
10:13:00 م 2025/08/07,Backend Developer,4,2300$,2025/08/01,Not Egyption and site out of egypt,Remotley,Full Time,Baghdad,
10:52:31 م 2025/08/07,PHP | Laravel Backend Developer,2,600 USD,2025/06/01,Not Egyption and site out of egypt,Remotley,Full Time,,
12:49:57 ص 2025/08/08,Retail Analyst ,1,8800,2024/08/30,Egyption,Remotley,Part Time,Cairo,
12:55:35 ص 2025/08/08,Fullstack,2,600 USD,2025/08/08,Not Egyption and site out of egypt,Remotley,Full Time,,
1:11:16 ص 2025/08/08,BI Development Team Leader,5,58000,2025/01/01,Egyption,On Site,Full Time,Cairo,
10:01:36 ص 2025/08/08,Computer vision engineer ,1,450 $,2025/08/29,Not Egyption and site out of egypt,Remotley,Full Time,"Magdeburg, Germany ",
11:42:48 ص 2025/08/08,Senior software engineer III,1,90000,2025/07/01,Egyption,On Site,Full Time,Cairo,
12:27:03 م 2025/08/08,.Net Developer ,2,28000,2025/08/01,Egyption,Hybird,Full Time,Cairo ,
12:51:30 م 2025/08/08,AI Software R&D Engineer (AI/Backend/Frontend),1.5,20000,2025/02/02,Egyption,Remotley,Full Time,Giza,
2:58:44 م 2025/08/08,Senior Software Engineer,6,$4000,2025/08/08,Not Egyption and site out of egypt,Remotley,Full Time,Dubai,
6:56:46 م 2025/08/08,C++ Software Engineer,2.5,800$,2025/08/08,Not Egyption and site out of egypt,Remotley,Full Time,"Amman, Jordan",
7:45:41 م 2025/08/08,C++ (Embedded) Software Developer ,3,35000,2025/08/08,Egyption,Hybird,Full Time,Cairo,